Page URL,Page Title,ILR,Raw ILR,Unique Pageviews,Crawl Depth,HTTP Status Code,"Page (HTML) Load Time, sec",Schema.org (Microdata),Schema.org (JSON-LD),Open Graph,Twitter Cards,Microformats,Canonicalization,In sitemap,Incoming Internal Links,Outgoing Internal Links,Outgoing External Links,AMP link,Hreflang Links,Hreflang Issues,JS and CSS Number,"JS and CSS Size, KB",Issues,Description,Blocked AI search bots
https://newsroom.upscrolled.com/microsoft/login,,-,0.08996723199189927,n/a,2,500,0.0,0,0,0,0,0,-,0,26,0,0,0,-,-,0,0,1,-,
https://newsroom.upscrolled.com/companies/view-login,UpScrolled Media Centre,100,0.056768184669053125,n/a,1,200,0.561,0,0,0,0,0,-,0,9,1,0,0,-,-,14,195,20,-,
https://newsroom.upscrolled.com/administrators/view-account,,-,0.020664248303294046,n/a,1,302,0.32,0,0,0,0,0,-,0,115,1,0,0,-,-,0,0,0,-,
https://newsroom.upscrolled.com/administrators/view-dashboard,,-,0.020664248303294046,n/a,1,302,0.178,0,0,0,0,0,-,0,115,1,0,0,-,-,0,0,0,-,
https://newsroom.upscrolled.com/companies/logout,UpScrolled Media Centre,98,0.020664248303294046,n/a,1,200,0.353,0,0,0,0,0,-,0,115,1,0,0,-,-,14,195,21,-,
https://newsroom.upscrolled.com/administrators/view-login,,96,0.016081010574300707,n/a,1,200,0.421,0,0,0,0,0,-,0,100,1,0,0,-,-,14,190,19,-,
https://newsroom.upscrolled.com/blogs/updates/2,,-,0.011779086750420456,n/a,2,404,0.0,0,0,0,0,0,-,0,57,0,0,0,-,-,0,0,1,-,
https://newsroom.upscrolled.com/companies/view-contacts,,-,0.011779086750420456,n/a,2,302,0.36,0,0,0,0,0,-,0,57,1,0,0,-,-,0,0,0,-,
https://newsroom.upscrolled.com/b/all/0,UpScrolled Media Centre,93,0.007875235696385575,n/a,1,200,0.709,0,0,1,0,0,-,0,44,39,5,0,-,-,29,633,50,-,
https://newsroom.upscrolled.com/b/featured-in/48,UpScrolled Media Centre,93,0.007875235696385575,n/a,1,200,0.379,0,0,1,0,0,-,0,44,9,35,0,-,-,34,706,117,-,
https://newsroom.upscrolled.com/companies/view-home,UpScrolled Media Centre,91,0.007802174743865818,n/a,1,200,0.676,0,0,1,0,0,-,0,44,19,5,0,-,-,32,640,70,-,
https://newsroom.upscrolled.com/blog-posts/view/5879/upscrolled-surpasses-1-million-users-becomes-1-free-app-in-us,UpScrolled Media Centre,89,0.007794158491996158,n/a,1,200,0.704,0,0,1,0,0,-,0,45,15,5,0,-,-,30,651,53,-,
https://newsroom.upscrolled.com/company-folders/view/4146/home,UpScrolled Media Centre,87,0.007669719518254016,n/a,1,200,0.846,0,0,1,0,0,-,0,44,8,5,0,-,-,29,680,47,-,
https://newsroom.upscrolled.com/blog-posts/view/5869/meet-upscrolled-the-anti-censorship-tiktok-alternative,UpScrolled Media Centre,84,0.007466955341701638,n/a,2,200,0.648,0,0,1,0,0,-,0,39,12,5,0,-,-,30,651,54,-,
https://newsroom.upscrolled.com/blog-posts/view/5849/{{downloadLink}},,82,0.003904724022695451,n/a,3,200,0.402,0,0,1,0,0,-,0,3,9,3,0,-,-,30,651,58,-,
https://newsroom.upscrolled.com/blog-posts/view/5871/what-is-upscrolled-the-palestinian-owned-social-platform-claiming-to-provide-a-censorship-free-space,UpScrolled Media Centre,80,0.0038597044981606423,n/a,2,200,0.505,0,0,1,0,0,-,0,3,12,5,0,-,-,30,651,54,-,
https://newsroom.upscrolled.com/blog-posts/view/5873/{{downloadLink}},,78,0.003775689297516371,n/a,4,200,0.518,0,0,1,0,0,-,0,2,9,3,0,-,-,30,651,59,-,
https://newsroom.upscrolled.com/blog-posts/view/5873/{{fileLink}},,76,0.003765384222480736,n/a,3,200,0.576,0,0,1,0,0,-,0,3,6,1,0,-,-,30,651,53,-,
https://newsroom.upscrolled.com/blog-posts/view/5762/{{fileLink}},,73,0.003745906570615393,n/a,2,200,0.392,0,0,1,0,0,-,0,3,9,3,0,-,-,30,651,57,-,
https://newsroom.upscrolled.com/blog-posts/view/5879/{{fileLink}},,71,0.0036968132743917296,n/a,2,200,0.518,0,0,1,0,0,-,0,2,9,3,0,-,-,30,651,58,-,
https://newsroom.upscrolled.com/blog-posts/view/5849/{{fileLink}},,69,0.00366847842952167,n/a,4,200,0.417,0,0,1,0,0,-,0,2,9,3,0,-,-,30,651,59,-,
https://newsroom.upscrolled.com/blog-posts/view/5762/revolutionary-social-media-platform-upscrolled-launches-to-champion-authentic-voices-and-eliminate-algorithmic-censorship,UpScrolled Media Centre,67,0.0036581456173960638,n/a,1,200,0.756,0,0,1,0,0,-,0,6,15,5,0,-,-,30,651,53,-,
https://newsroom.upscrolled.com/blog-posts/view/5816/40000-users-40-days-no-marketing-budget-what-upscrolleds-growth-really-says,UpScrolled Media Centre,67,0.0036581456173960638,n/a,1,200,0.717,0,0,1,0,0,-,0,6,14,5,0,-,-,30,651,52,-,
https://newsroom.upscrolled.com/blog-posts/view/5817/qampa-with-issam-hijazi,,67,0.0036581456173960638,n/a,1,200,1.279,0,0,1,0,0,-,0,6,9,3,0,-,-,30,651,58,-,
https://newsroom.upscrolled.com/blog-posts/view/5818/shadowbanning-explained-the-invisible-censorship-killing-online-discourse,UpScrolled Media Centre,67,0.0036581456173960638,n/a,1,200,0.748,0,0,1,0,0,-,0,6,14,9,0,-,-,30,651,52,-,
https://newsroom.upscrolled.com/blog-posts/view/5819/when-silence-isnt-an-option-why-issam-hijazi-built-upscrolled,UpScrolled Media Centre,67,0.0036581456173960638,n/a,1,200,0.743,0,0,1,0,0,-,0,6,14,5,0,-,-,30,651,53,-,
https://newsroom.upscrolled.com/blog-posts/view/5820/why-silicon-valley-doesnt-get-to-decide-the-future-of-social-media,UpScrolled Media Centre,67,0.0036581456173960638,n/a,1,200,0.665,0,0,1,0,0,-,0,6,14,7,0,-,-,30,651,52,-,
https://newsroom.upscrolled.com/blog-posts/view/5821/upscrolled-product-update-v150-apple-mobile,UpScrolled Media Centre,67,0.0036581456173960638,n/a,1,200,0.824,0,0,1,0,0,-,0,6,14,5,0,-,-,30,651,53,-,
https://newsroom.upscrolled.com/blog-posts/view/5762/{{downloadLink}},,64,0.0036581092797913508,n/a,3,200,0.466,0,0,1,0,0,-,0,2,9,3,0,-,-,30,651,58,-,
https://newsroom.upscrolled.com/blog-posts/view/5866/{{downloadLink}},,62,0.003656731787013712,n/a,4,200,0.415,0,0,1,0,0,-,0,2,6,1,0,-,-,30,651,54,-,
https://newsroom.upscrolled.com/blog-posts/view/5817/{{downloadLink}},,60,0.003654304337360457,n/a,2,200,0.495,0,0,1,0,0,-,0,2,4,1,0,-,-,26,618,45,-,
https://newsroom.upscrolled.com/blog-posts/view/5873/{{link}},,58,0.003624661536020778,n/a,4,200,0.579,0,0,1,0,0,-,0,1,9,3,0,-,-,30,651,59,-,
https://newsroom.upscrolled.com/blog-posts/view/5866/{{link}},,56,0.003616899997859129,n/a,5,200,0.43,0,0,1,0,0,-,0,1,9,3,0,-,-,30,651,60,-,
https://newsroom.upscrolled.com/blog-posts/view/5871/{{fileLink}},,53,0.0036153298818988443,n/a,3,200,0.465,0,0,1,0,0,-,0,2,9,3,0,-,-,30,651,58,-,
https://newsroom.upscrolled.com/blog-posts/view/5866/{{fileLink}},,51,0.003607740035133002,n/a,3,200,0.366,0,0,1,0,0,-,0,2,9,3,0,-,-,30,651,58,-,
https://newsroom.upscrolled.com/blog-posts/view/5829/{{fileLink}},,49,0.003603112368074068,n/a,3,200,0.255,0,0,1,0,0,-,0,2,9,3,0,-,-,30,651,58,-,
https://newsroom.upscrolled.com/blog-posts/view/5835/{{fileLink}},,49,0.003603112368074068,n/a,3,200,0.406,0,0,1,0,0,-,0,2,9,3,0,-,-,30,651,58,-,
https://newsroom.upscrolled.com/blog-posts/view/5836/{{fileLink}},,49,0.003603112368074068,n/a,3,200,0.38,0,0,1,0,0,-,0,2,9,3,0,-,-,30,651,58,-,
https://newsroom.upscrolled.com/blog-posts/view/5837/{{fileLink}},,49,0.003603112368074068,n/a,3,200,0.416,0,0,1,0,0,-,0,2,9,3,0,-,-,30,651,58,-,
https://newsroom.upscrolled.com/blog-posts/view/5844/{{fileLink}},,49,0.003603112368074068,n/a,3,200,0.666,0,0,1,0,0,-,0,2,9,3,0,-,-,30,651,58,-,
https://newsroom.upscrolled.com/blog-posts/view/5847/{{fileLink}},,49,0.003603112368074068,n/a,3,200,0.302,0,0,1,0,0,-,0,2,9,3,0,-,-,30,651,58,-,
https://newsroom.upscrolled.com/blog-posts/view/5850/{{fileLink}},,49,0.003603112368074068,n/a,3,200,0.498,0,0,1,0,0,-,0,2,9,3,0,-,-,30,651,58,-,
https://newsroom.upscrolled.com/blog-posts/view/5856/{{fileLink}},,49,0.003603112368074068,n/a,3,200,0.42,0,0,1,0,0,-,0,2,9,3,0,-,-,30,651,58,-,
https://newsroom.upscrolled.com/blog-posts/view/5864/{{fileLink}},,49,0.003603112368074068,n/a,3,200,0.451,0,0,1,0,0,-,0,2,9,3,0,-,-,30,651,58,-,
https://newsroom.upscrolled.com/blog-posts/view/5868/{{fileLink}},,49,0.003603112368074068,n/a,3,200,0.401,0,0,1,0,0,-,0,2,9,3,0,-,-,30,651,58,-,
https://newsroom.upscrolled.com/blog-posts/view/5870/{{fileLink}},,49,0.003603112368074068,n/a,3,200,0.432,0,0,1,0,0,-,0,2,9,3,0,-,-,30,651,58,-,
https://newsroom.upscrolled.com/blog-posts/view/5875/{{fileLink}},,49,0.003603112368074068,n/a,3,200,0.509,0,0,1,0,0,-,0,2,9,3,0,-,-,30,651,58,-,
https://newsroom.upscrolled.com/blog-posts/view/5876/{{fileLink}},,49,0.003603112368074068,n/a,3,200,0.374,0,0,1,0,0,-,0,2,9,3,0,-,-,30,651,58,-,
https://newsroom.upscrolled.com/blog-posts/view/5877/{{fileLink}},,49,0.003603112368074068,n/a,3,200,0.394,0,0,1,0,0,-,0,2,9,3,0,-,-,30,651,58,-,
https://newsroom.upscrolled.com/blog-posts/view/5878/{{fileLink}},,49,0.003603112368074068,n/a,3,200,0.479,0,0,1,0,0,-,0,2,9,3,0,-,-,30,651,58,-,
https://newsroom.upscrolled.com/blog-posts/view/5849/{{link}},,47,0.0036017945824253416,n/a,3,200,0.219,0,0,1,0,0,-,0,1,9,3,0,-,-,30,651,59,-,
https://newsroom.upscrolled.com/blog-posts/view/5816/{{fileLink}},,44,0.003598041922723638,n/a,2,200,0.407,0,0,1,0,0,-,0,2,9,3,0,-,-,30,651,58,-,
https://newsroom.upscrolled.com/blog-posts/view/5821/{{fileLink}},,44,0.003598041922723638,n/a,2,200,0.487,0,0,1,0,0,-,0,2,9,3,0,-,-,30,651,58,-,
https://newsroom.upscrolled.com/blog-posts/view/5869/{{fileLink}},,42,0.0035753353861360583,n/a,3,200,0.502,0,0,1,0,0,-,0,1,4,1,0,-,-,26,618,46,-,
https://newsroom.upscrolled.com/blog-posts/download-all/5879/blog-posts/view/5879/upscrolled-surpasses-1-million-users-becomes-1-free-app-in-us,UpScrolled Media Centre,40,0.003550573155251025,n/a,2,200,0.485,0,0,0,0,0,-,0,1,1,0,0,-,-,14,195,22,-,
https://newsroom.upscrolled.com/company-files/download/47559/blog-posts/view/5879/upscrolled-surpasses-1-million-users-becomes-1-free-app-in-us,UpScrolled Media Centre,40,0.003550573155251025,n/a,2,200,0.376,0,0,0,0,0,-,0,1,1,0,0,-,-,14,195,22,-,
https://newsroom.upscrolled.com/company-files/download/47560/blog-posts/view/5879/upscrolled-surpasses-1-million-users-becomes-1-free-app-in-us,UpScrolled Media Centre,40,0.003550573155251025,n/a,2,200,0.374,0,0,0,0,0,-,0,1,1,0,0,-,-,14,195,22,-,
https://newsroom.upscrolled.com/company-files/download/47561/blog-posts/view/5879/upscrolled-surpasses-1-million-users-becomes-1-free-app-in-us,UpScrolled Media Centre,40,0.003550573155251025,n/a,2,200,0.418,0,0,0,0,0,-,0,1,1,0,0,-,-,14,195,22,-,
https://newsroom.upscrolled.com/companies/newsroom.upscrolled.com,,-,0.0035182663052664704,n/a,2,404,0.0,0,0,0,0,0,-,0,1,0,0,0,-,-,0,0,1,-,
https://newsroom.upscrolled.com/companies/{{fileLink}},,-,0.0035182663052664704,n/a,2,404,0.0,0,0,0,0,0,-,0,1,0,0,0,-,-,0,0,1,-,
https://newsroom.upscrolled.com/blog-posts/view/5762/{{link}},,38,0.003511784765769867,n/a,3,200,0.805,0,0,1,0,0,-,0,1,9,3,0,-,-,30,651,59,-,
https://newsroom.upscrolled.com/blog-posts/view/5879/{{downloadLink}},,36,0.003509742215727505,n/a,3,200,0.396,0,0,1,0,0,-,0,1,9,3,0,-,-,30,651,59,-,
https://newsroom.upscrolled.com/blog-posts/view/5817/{{fileLink}},,33,0.0035081312881421658,n/a,2,200,0.508,0,0,1,0,0,-,0,1,9,3,0,-,-,30,651,59,-,
https://newsroom.upscrolled.com/blog-posts/view/5871/{{downloadLink}},,31,0.0035063450428238444,n/a,4,200,0.473,0,0,1,0,0,-,0,1,9,3,0,-,-,30,651,60,-,
https://newsroom.upscrolled.com/blog-posts/view/5829/{{downloadLink}},,29,0.003505834770884864,n/a,4,200,0.494,0,0,1,0,0,-,0,1,9,3,0,-,-,30,651,60,-,
https://newsroom.upscrolled.com/blog-posts/view/5835/{{downloadLink}},,29,0.003505834770884864,n/a,4,200,0.445,0,0,1,0,0,-,0,1,9,3,0,-,-,30,651,60,-,
https://newsroom.upscrolled.com/blog-posts/view/5836/{{downloadLink}},,29,0.003505834770884864,n/a,4,200,0.245,0,0,1,0,0,-,0,1,9,3,0,-,-,30,651,60,-,
https://newsroom.upscrolled.com/blog-posts/view/5837/{{downloadLink}},,29,0.003505834770884864,n/a,4,200,0.406,0,0,1,0,0,-,0,1,9,3,0,-,-,30,651,60,-,
https://newsroom.upscrolled.com/blog-posts/view/5844/{{downloadLink}},,29,0.003505834770884864,n/a,4,200,0.432,0,0,1,0,0,-,0,1,9,3,0,-,-,30,651,60,-,
https://newsroom.upscrolled.com/blog-posts/view/5847/{{downloadLink}},,29,0.003505834770884864,n/a,4,200,0.357,0,0,1,0,0,-,0,1,9,3,0,-,-,30,651,60,-,
https://newsroom.upscrolled.com/blog-posts/view/5850/{{downloadLink}},,29,0.003505834770884864,n/a,4,200,0.498,0,0,1,0,0,-,0,1,9,3,0,-,-,30,651,60,-,
https://newsroom.upscrolled.com/blog-posts/view/5856/{{downloadLink}},,29,0.003505834770884864,n/a,4,200,0.583,0,0,1,0,0,-,0,1,9,3,0,-,-,30,651,60,-,
https://newsroom.upscrolled.com/blog-posts/view/5864/{{downloadLink}},,29,0.003505834770884864,n/a,4,200,0.392,0,0,1,0,0,-,0,1,9,3,0,-,-,30,651,60,-,
https://newsroom.upscrolled.com/blog-posts/view/5868/{{downloadLink}},,29,0.003505834770884864,n/a,4,200,0.368,0,0,1,0,0,-,0,1,9,3,0,-,-,30,651,60,-,
https://newsroom.upscrolled.com/blog-posts/view/5870/{{downloadLink}},,29,0.003505834770884864,n/a,4,200,0.421,0,0,1,0,0,-,0,1,9,3,0,-,-,30,651,60,-,
https://newsroom.upscrolled.com/blog-posts/view/5875/{{downloadLink}},,29,0.003505834770884864,n/a,4,200,0.392,0,0,1,0,0,-,0,1,9,3,0,-,-,30,651,60,-,
https://newsroom.upscrolled.com/blog-posts/view/5876/{{downloadLink}},,29,0.003505834770884864,n/a,4,200,0.426,0,0,1,0,0,-,0,1,9,3,0,-,-,30,651,60,-,
https://newsroom.upscrolled.com/blog-posts/view/5877/{{downloadLink}},,29,0.003505834770884864,n/a,4,200,0.437,0,0,1,0,0,-,0,1,9,3,0,-,-,30,651,60,-,
https://newsroom.upscrolled.com/blog-posts/view/5878/{{downloadLink}},,29,0.003505834770884864,n/a,4,200,0.456,0,0,1,0,0,-,0,1,9,3,0,-,-,30,651,60,-,
https://newsroom.upscrolled.com/blog-posts/view/5816/{{downloadLink}},,27,0.003505623721856226,n/a,3,200,0.458,0,0,1,0,0,-,0,1,9,3,0,-,-,30,651,59,-,
https://newsroom.upscrolled.com/blog-posts/view/5821/{{downloadLink}},,27,0.003505623721856226,n/a,3,200,0.398,0,0,1,0,0,-,0,1,9,3,0,-,-,30,651,59,-,
https://newsroom.upscrolled.com/blog-posts/view/5872/{{downloadLink}},,24,0.0034997482263994816,n/a,4,200,0.458,0,0,1,0,0,-,0,1,4,1,0,-,-,26,618,47,-,
https://newsroom.upscrolled.com/blog-posts/view/5819/{{downloadLink}},,22,0.003499537529260204,n/a,3,200,0.418,0,0,1,0,0,-,0,1,4,1,0,-,-,26,618,46,-,
https://newsroom.upscrolled.com/blog-posts/view/5818/{{downloadLink}},,20,0.00349883982453136,n/a,3,200,0.486,0,0,1,0,0,-,0,1,4,1,0,-,-,26,618,46,-,
https://newsroom.upscrolled.com/blog-posts/view/5830/{{fileLink}},,18,0.003457035826873127,n/a,3,200,0.364,0,0,1,0,0,-,0,1,4,1,0,-,-,26,618,46,-,
https://newsroom.upscrolled.com/blog-posts/view/5831/{{fileLink}},,18,0.003457035826873127,n/a,3,200,0.402,0,0,1,0,0,-,0,1,10,3,0,-,-,30,651,59,-,
https://newsroom.upscrolled.com/blog-posts/view/5846/{{fileLink}},,18,0.003457035826873127,n/a,3,200,0.487,0,0,1,0,0,-,0,1,10,3,0,-,-,30,651,59,-,
https://newsroom.upscrolled.com/blog-posts/view/5848/{{fileLink}},,18,0.003457035826873127,n/a,3,200,0.373,0,0,1,0,0,-,0,1,10,3,0,-,-,30,651,59,-,
https://newsroom.upscrolled.com/blog-posts/view/5855/{{fileLink}},,18,0.003457035826873127,n/a,3,200,0.505,0,0,1,0,0,-,0,1,4,1,0,-,-,26,618,46,-,
https://newsroom.upscrolled.com/blog-posts/view/5862/{{fileLink}},,18,0.003457035826873127,n/a,3,200,0.717,0,0,1,0,0,-,0,1,10,3,0,-,-,30,651,59,-,
https://newsroom.upscrolled.com/blog-posts/view/5865/{{fileLink}},,18,0.003457035826873127,n/a,3,200,0.462,0,0,1,0,0,-,0,1,4,1,0,-,-,26,618,46,-,
https://newsroom.upscrolled.com/blog-posts/view/5872/{{fileLink}},,18,0.003457035826873127,n/a,3,200,0.392,0,0,1,0,0,-,0,1,9,3,0,-,-,30,651,59,-,
https://newsroom.upscrolled.com/blog-posts/view/5874/{{fileLink}},,18,0.003457035826873127,n/a,3,200,0.452,0,0,1,0,0,-,0,1,4,1,0,-,-,26,618,46,-,
https://newsroom.upscrolled.com/blog-posts/download-all/5816/blog-posts/view/5816/40000-users-40-days-no-marketing-budget-what-upscrolleds-growth-really-says,,16,0.0034519741233480015,n/a,2,200,0.644,0,0,0,0,0,-,0,1,1,0,0,-,-,14,195,22,-,
https://newsroom.upscrolled.com/blog-posts/download-all/5819/blog-posts/view/5819/when-silence-isnt-an-option-why-issam-hijazi-built-upscrolled,,16,0.0034519741233480015,n/a,2,200,0.407,0,0,0,0,0,-,0,1,1,0,0,-,-,14,195,22,-,
https://newsroom.upscrolled.com/blog-posts/download-all/5821/blog-posts/view/5821/upscrolled-product-update-v150-apple-mobile,UpScrolled Media Centre,16,0.0034519741233480015,n/a,2,200,1.767,0,0,0,0,0,-,0,1,1,0,0,-,-,14,195,22,-,
https://newsroom.upscrolled.com/blog-posts/view/5819/{{fileLink}},,16,0.0034519741233480015,n/a,2,200,0.388,0,0,1,0,0,-,0,1,9,3,0,-,-,30,651,59,-,
https://newsroom.upscrolled.com/company-files/download/47447/blog-posts/view/5819/when-silence-isnt-an-option-why-issam-hijazi-built-upscrolled,UpScrolled Media Centre,16,0.0034519741233480015,n/a,2,200,0.375,0,0,0,0,0,-,0,1,1,0,0,-,-,14,195,22,-,
https://newsroom.upscrolled.com/company-files/download/47448/blog-posts/view/5819/when-silence-isnt-an-option-why-issam-hijazi-built-upscrolled,UpScrolled Media Centre,16,0.0034519741233480015,n/a,2,200,0.519,0,0,0,0,0,-,0,1,1,0,0,-,-,14,195,22,-,
https://newsroom.upscrolled.com/company-files/download/47451/blog-posts/view/5821/upscrolled-product-update-v150-apple-mobile,UpScrolled Media Centre,16,0.0034519741233480015,n/a,2,200,0.548,0,0,0,0,0,-,0,1,1,0,0,-,-,14,195,22,-,
https://newsroom.upscrolled.com/company-files/download/47452/blog-posts/view/5821/upscrolled-product-update-v150-apple-mobile,,16,0.0034519741233480015,n/a,2,200,0.364,0,0,0,0,0,-,0,1,1,0,0,-,-,14,195,22,-,
https://newsroom.upscrolled.com/company-files/download/47453/blog-posts/view/5816/40000-users-40-days-no-marketing-budget-what-upscrolleds-growth-really-says,,16,0.0034519741233480015,n/a,2,200,0.458,0,0,0,0,0,-,0,1,1,0,0,-,-,14,195,22,-,
https://newsroom.upscrolled.com/company-files/download/47454/blog-posts/view/5816/40000-users-40-days-no-marketing-budget-what-upscrolleds-growth-really-says,UpScrolled Media Centre,16,0.0034519741233480015,n/a,2,200,0.377,0,0,0,0,0,-,0,1,1,0,0,-,-,14,195,22,-,
https://newsroom.upscrolled.com/blog-posts/download-all/5762/blog-posts/view/5762/revolutionary-social-media-platform-upscrolled-launches-to-champion-authentic-voices-and-eliminate-algorithmic-censorship,,13,0.0034471606520799303,n/a,2,200,0.455,0,0,0,0,0,-,0,1,1,0,0,-,-,14,195,23,-,
https://newsroom.upscrolled.com/company-files/download/47553/blog-posts/view/5762/revolutionary-social-media-platform-upscrolled-launches-to-champion-authentic-voices-and-eliminate-algorithmic-censorship,,13,0.0034471606520799303,n/a,2,200,0.36,0,0,0,0,0,-,0,1,1,0,0,-,-,14,195,23,-,
https://newsroom.upscrolled.com/company-files/download/47554/blog-posts/view/5762/revolutionary-social-media-platform-upscrolled-launches-to-champion-authentic-voices-and-eliminate-algorithmic-censorship,UpScrolled Media Centre,13,0.0034471606520799303,n/a,2,200,0.196,0,0,0,0,0,-,0,1,1,0,0,-,-,14,195,23,-,
https://newsroom.upscrolled.com/company-files/download/47555/blog-posts/view/5762/revolutionary-social-media-platform-upscrolled-launches-to-champion-authentic-voices-and-eliminate-algorithmic-censorship,,13,0.0034471606520799303,n/a,2,200,0.437,0,0,0,0,0,-,0,1,1,0,0,-,-,14,195,23,-,
https://newsroom.upscrolled.com/b/all/{{fileLink}},UpScrolled Media Centre,11,0.003445205352746713,n/a,2,200,0.579,0,0,1,0,0,-,0,1,9,5,0,-,-,29,633,52,-,
https://newsroom.upscrolled.com/b/featured-in/{{fileLink}},,-,0.003445205352746713,n/a,2,500,0.0,0,0,0,0,0,-,0,1,0,0,0,-,-,0,0,1,-,
https://newsroom.upscrolled.com/blog-posts/view/5829/tiktok-users-move-to-upscrolled-amid-privacy-concerns-after-us-ownership-change,UpScrolled Media Centre,11,0.003445205352746713,n/a,2,200,0.585,0,0,1,0,0,-,0,1,12,5,0,-,-,30,651,55,-,
https://newsroom.upscrolled.com/blog-posts/view/5830/some-tiktok-users-switching-to-upscrolled-amid-ongoing-privacy-controversy-following-ownership-change,UpScrolled Media Centre,11,0.003445205352746713,n/a,2,200,1.037,0,0,1,0,0,-,0,1,12,5,0,-,-,30,651,55,-,
https://newsroom.upscrolled.com/blog-posts/view/5831/palestinian-owned-upscrolled-cracks-apple-app-store-top-11,UpScrolled Media Centre,11,0.003445205352746713,n/a,2,200,0.835,0,0,1,0,0,-,0,1,12,5,0,-,-,30,651,55,-,
https://newsroom.upscrolled.com/blog-posts/view/5835/who-founded-upscrolled-social-media-app-developed-in-australia-sees-surge-in-downloads-after-larry-ellisons-oracle-acquires-tiktok-in-the-us,UpScrolled Media Centre,11,0.003445205352746713,n/a,2,200,0.588,0,0,1,0,0,-,0,1,12,5,0,-,-,30,651,55,-,
https://newsroom.upscrolled.com/blog-posts/view/5836/palestinian-founded-app-upscrolled-downloads-surge-after-tiktok-announces-partial-ownership-by-zionist-billionaire,UpScrolled Media Centre,11,0.003445205352746713,n/a,2,200,0.829,0,0,1,0,0,-,0,1,12,5,0,-,-,30,651,55,-,
https://newsroom.upscrolled.com/blog-posts/view/5837/tiktok-users-switch-to-upscrolled-amid-new-us-moderation-rules-and-content-restrictions,UpScrolled Media Centre,11,0.003445205352746713,n/a,2,200,0.901,0,0,1,0,0,-,0,1,12,5,0,-,-,30,651,55,-,
https://newsroom.upscrolled.com/blog-posts/view/5844/tiktok-competitor-upscrolled-surges-on-app-store-amid-allegations-tiktok-suppresses-anti-ice-videos,UpScrolled Media Centre,11,0.003445205352746713,n/a,2,200,0.734,0,0,1,0,0,-,0,1,12,5,0,-,-,30,651,55,-,
https://newsroom.upscrolled.com/blog-posts/view/5846/upscrolled-gains-popularity-as-users-seek-alternative-platform-amid-tiktok-outage,UpScrolled Media Centre,11,0.003445205352746713,n/a,2,200,0.697,0,0,1,0,0,-,0,1,12,5,0,-,-,30,651,55,-,
https://newsroom.upscrolled.com/blog-posts/view/5847/why-upscrolled-is-trending-as-frustrated-users-leave-tiktok,UpScrolled Media Centre,11,0.003445205352746713,n/a,2,200,0.588,0,0,1,0,0,-,0,1,12,5,0,-,-,30,651,55,-,
https://newsroom.upscrolled.com/blog-posts/view/5848/palestinian-founded-upscrolled-surges-to-no-2-on-apple-app-store,UpScrolled Media Centre,11,0.003445205352746713,n/a,2,200,0.734,0,0,1,0,0,-,0,1,12,5,0,-,-,30,651,55,-,
https://newsroom.upscrolled.com/blog-posts/view/5849/social-app-upscrolled-downloads-soar-2850-after-tiktok-us-deal,,11,0.003445205352746713,n/a,2,200,0.263,0,0,1,0,0,-,0,1,6,1,0,-,-,30,651,54,-,
https://newsroom.upscrolled.com/blog-posts/view/5850/who-is-issam-hijazi-upscrolled-creator-gains-spotlight-as-tiktok-users-seek-alternatives,UpScrolled Media Centre,11,0.003445205352746713,n/a,2,200,0.784,0,0,1,0,0,-,0,1,12,5,0,-,-,30,651,55,-,
https://newsroom.upscrolled.com/blog-posts/view/5855/upscrolled-hits-no-2-in-the-uk-as-tiktok-censorship-backlash-grows,UpScrolled Media Centre,11,0.003445205352746713,n/a,2,200,0.712,0,0,1,0,0,-,0,1,12,5,0,-,-,30,651,55,-,
https://newsroom.upscrolled.com/blog-posts/view/5856/tiktok-backlash-fuels-sudden-surge-in-little-known-australian-social-app,UpScrolled Media Centre,11,0.003445205352746713,n/a,2,200,0.786,0,0,1,0,0,-,0,1,12,5,0,-,-,30,651,55,-,
https://newsroom.upscrolled.com/blog-posts/view/5862/the-app-that-frustrated-us-tiktok-users-are-turning-to,UpScrolled Media Centre,11,0.003445205352746713,n/a,2,200,0.8,0,0,1,0,0,-,0,1,12,5,0,-,-,30,651,55,-,
https://newsroom.upscrolled.com/blog-posts/view/5864/tiktoks-bad-week-becomes-upscrolleds-big-break-as-outage-and-suppression-claims-push-users-to-explore-alternatives,UpScrolled Media Centre,11,0.003445205352746713,n/a,2,200,0.651,0,0,1,0,0,-,0,1,12,5,0,-,-,30,651,55,-,
https://newsroom.upscrolled.com/blog-posts/view/5865/upscrolled-wins-support-from-pro-palestinian-users-as-tiktok-alternative,UpScrolled Media Centre,11,0.003445205352746713,n/a,2,200,0.603,0,0,1,0,0,-,0,1,12,5,0,-,-,30,651,55,-,
https://newsroom.upscrolled.com/blog-posts/view/5866/social-network-upscrolled-sees-surge-in-downloads-following-tiktoks-us-takeover-beritaja,UpScrolled Media Centre,11,0.003445205352746713,n/a,2,200,0.785,0,0,1,0,0,-,0,1,12,5,0,-,-,30,651,55,-,
https://newsroom.upscrolled.com/blog-posts/view/5868/upscrolled-and-skylight-rising-users-race-to-tiktok-alternatives-after-us-takeover,UpScrolled Media Centre,11,0.003445205352746713,n/a,2,200,0.802,0,0,1,0,0,-,0,1,12,5,0,-,-,30,651,55,-,
https://newsroom.upscrolled.com/blog-posts/view/5870/tiktok-rivals-skylight-and-upscrolled-see-surge-in-downloads-amid-trump-backlash,UpScrolled Media Centre,11,0.003445205352746713,n/a,2,200,0.937,0,0,1,0,0,-,0,1,12,5,0,-,-,30,651,55,-,
https://newsroom.upscrolled.com/blog-posts/view/5872/tiktok-rivals-skylight-and-upscrolled-see-surge-in-downloads-amid-trump-backlash,UpScrolled Media Centre,11,0.003445205352746713,n/a,2,200,0.767,0,0,1,0,0,-,0,1,12,5,0,-,-,30,651,55,-,
https://newsroom.upscrolled.com/blog-posts/view/5873/what-is-upscrolled-app-more-popular-than-tiktok-in-apple-app-store,UpScrolled Media Centre,11,0.003445205352746713,n/a,2,200,0.76,0,0,1,0,0,-,0,1,12,5,0,-,-,30,651,55,-,
https://newsroom.upscrolled.com/blog-posts/view/5874/what-is-upscrolled-the-video-app-soaring-past-tiktok-amid-censorship-fears,UpScrolled Media Centre,11,0.003445205352746713,n/a,2,200,0.661,0,0,1,0,0,-,0,1,12,5,0,-,-,30,651,55,-,
https://newsroom.upscrolled.com/blog-posts/view/5875/palestinian-app-upscrolled-climbs-to-1-in-apples-app-store-social-rankings,UpScrolled Media Centre,11,0.003445205352746713,n/a,2,200,0.751,0,0,1,0,0,-,0,1,12,5,0,-,-,30,651,55,-,
https://newsroom.upscrolled.com/blog-posts/view/5876/what-is-upscrolled-social-media-app-soars-up-apple-charts-after-tiktoks-us-takeover,UpScrolled Media Centre,11,0.003445205352746713,n/a,2,200,0.518,0,0,1,0,0,-,0,1,12,5,0,-,-,30,651,55,-,
https://newsroom.upscrolled.com/blog-posts/view/5877/why-millions-are-ditching-tiktok-for-upscrolled-right-now-heres-what-you-need-to-know,UpScrolled Media Centre,11,0.003445205352746713,n/a,2,200,0.845,0,0,1,0,0,-,0,1,12,5,0,-,-,30,651,55,-,
https://newsroom.upscrolled.com/blog-posts/view/5878/pro-palestinian-app-upscrolled-tops-charts-as-users-flee-pro-zionist-tiktok,UpScrolled Media Centre,11,0.003445205352746713,n/a,2,200,0.688,0,0,1,0,0,-,0,1,12,5,0,-,-,30,651,55,-,
https://newsroom.upscrolled.com/blog-posts/download-all/5820/blog-posts/view/5820/why-silicon-valley-doesnt-get-to-decide-the-future-of-social-media,,9,0.0034428056066469134,n/a,2,200,0.836,0,0,0,0,0,-,0,1,1,0,0,-,-,14,195,22,-,
https://newsroom.upscrolled.com/blog-posts/view/5820/{{fileLink}},,9,0.0034428056066469134,n/a,2,200,0.374,0,0,1,0,0,-,0,1,4,1,0,-,-,26,618,46,-,
https://newsroom.upscrolled.com/company-files/download/47557/blog-posts/view/5820/why-silicon-valley-doesnt-get-to-decide-the-future-of-social-media,UpScrolled Media Centre,9,0.0034428056066469134,n/a,2,200,0.469,0,0,0,0,0,-,0,1,1,0,0,-,-,14,195,22,-,
https://newsroom.upscrolled.com/company-files/download/47558/blog-posts/view/5820/why-silicon-valley-doesnt-get-to-decide-the-future-of-social-media,UpScrolled Media Centre,9,0.0034428056066469134,n/a,2,200,0.206,0,0,0,0,0,-,0,1,1,0,0,-,-,14,195,22,-,
https://newsroom.upscrolled.com/blog-posts/download-all/5818/blog-posts/view/5818/shadowbanning-explained-the-invisible-censorship-killing-online-discourse,UpScrolled Media Centre,7,0.003435231614589493,n/a,2,200,0.413,0,0,0,0,0,-,0,1,1,0,0,-,-,14,195,22,-,
https://newsroom.upscrolled.com/blog-posts/view/5818/{{fileLink}},,7,0.003435231614589493,n/a,2,200,0.432,0,0,1,0,0,-,0,1,9,3,0,-,-,30,651,59,-,
https://newsroom.upscrolled.com/company-files/download/47449/blog-posts/view/5818/shadowbanning-explained-the-invisible-censorship-killing-online-discourse,,7,0.003435231614589493,n/a,2,200,0.373,0,0,0,0,0,-,0,1,1,0,0,-,-,14,195,22,-,
https://newsroom.upscrolled.com/company-files/download/47450/blog-posts/view/5818/shadowbanning-explained-the-invisible-censorship-killing-online-discourse,UpScrolled Media Centre,7,0.003435231614589493,n/a,2,200,0.536,0,0,0,0,0,-,0,1,1,0,0,-,-,14,195,22,-,
https://newsroom.upscrolled.com/{{fileLink}},UpScrolled Media Centre,4,0.0034270431471726697,n/a,1,200,0.692,0,0,1,0,0,-,0,4,20,5,0,-,-,32,640,68,-,
https://newsroom.upscrolled.com/newsroom.upscrolled.com,UpScrolled Media Centre,2,0.0034242455609300782,n/a,1,200,0.655,0,0,1,0,0,-,0,4,19,5,0,-,-,32,640,68,-,
https://newsroom.upscrolled.com/,UpScrolled Media Centre,0,0.0,n/a,0,200,0.711,0,0,1,0,0,-,0,0,20,5,0,-,-,32,640,69,-,
https://newsroom.upscrolled.com/{{link}},UpScrolled Media Centre,0,0.0,n/a,0,200,0.614,0,0,1,0,0,-,0,0,20,5,0,-,-,32,640,68,-,
https://newsroom.upscrolled.com/{{url}},UpScrolled Media Centre,0,0.0,n/a,0,200,0.612,0,0,1,0,0,-,0,0,20,5,0,-,-,32,640,68,-,
https://newsroom.upscrolled.com/llms.txt,,-,-,n/a,0,200,0.842,0,0,0,0,0,-,0,0,-,-,0,-,-,-,-,1,-,
https://newsroom.upscrolled.com/robots.txt,,-,-,n/a,0,200,0.62,0,0,0,0,0,-,0,0,-,-,0,-,-,-,-,2,-,n/a
https://newsroom.upscrolled.com/sitemap.xml,,-,-,n/a,0,200,0.279,0,0,0,0,0,-,0,0,-,-,0,-,-,-,-,0,-,
