Page URL,Broken Link URL,HTTP Code,Discovered
https://newsroom.dna.online/blog-posts/view/4001/easyjet-fliegt-neu-an-den-nordpol-nach-rovaniemi-und-troms-und-startet-weihnachtspostdienst-fur-wunschzettel-sonderzustellung-vom-ber-an-den-polarkreis,https://newsroom.dna.online/blogs/updates/2,404,30 Jan 2026 (00:34 UTC)
https://newsroom.dna.online/blog-posts/view/4001/{{downloadLink}},https://newsroom.dna.online/blogs/updates/2,404,30 Jan 2026 (00:34 UTC)
https://newsroom.dna.online/blog-posts/view/4001/{{fileLink}},https://newsroom.dna.online/blogs/updates/2,404,30 Jan 2026 (00:34 UTC)
https://newsroom.dna.online/blog-posts/view/4010/easyjet-testet-weltweit-erstmals-neue-flugzeuglackierung-zur-gewichtsreduktion-und-senkt-so-den-treibstoffverbrauch,https://newsroom.dna.online/company-files/download/31777/blog-posts/view/4010/easyjet-testet-weltweit-erstmals-neue-flugzeuglackierung-zur-gewichtsreduktion-und-senkt-so-den-treibstoffverbrauch,403,30 Jan 2026 (00:34 UTC)
https://newsroom.dna.online/blog-posts/view/4010/easyjet-testet-weltweit-erstmals-neue-flugzeuglackierung-zur-gewichtsreduktion-und-senkt-so-den-treibstoffverbrauch,https://newsroom.dna.online/company-files/download/31779/blog-posts/view/4010/easyjet-testet-weltweit-erstmals-neue-flugzeuglackierung-zur-gewichtsreduktion-und-senkt-so-den-treibstoffverbrauch,403,30 Jan 2026 (00:34 UTC)
https://newsroom.dna.online/blog-posts/view/4010/easyjet-testet-weltweit-erstmals-neue-flugzeuglackierung-zur-gewichtsreduktion-und-senkt-so-den-treibstoffverbrauch,https://newsroom.dna.online/blog-posts/download-all/4010/blog-posts/view/4010/easyjet-testet-weltweit-erstmals-neue-flugzeuglackierung-zur-gewichtsreduktion-und-senkt-so-den-treibstoffverbrauch,502,30 Jan 2026 (00:34 UTC)
https://newsroom.dna.online/blog-posts/view/4010/easyjet-testet-weltweit-erstmals-neue-flugzeuglackierung-zur-gewichtsreduktion-und-senkt-so-den-treibstoffverbrauch,https://newsroom.dna.online/company-files/download/31778/blog-posts/view/4010/easyjet-testet-weltweit-erstmals-neue-flugzeuglackierung-zur-gewichtsreduktion-und-senkt-so-den-treibstoffverbrauch,403,30 Jan 2026 (00:34 UTC)
https://newsroom.dna.online/blog-posts/view/4010/easyjet-testet-weltweit-erstmals-neue-flugzeuglackierung-zur-gewichtsreduktion-und-senkt-so-den-treibstoffverbrauch,https://newsroom.dna.online/company-files/download/31780/blog-posts/view/4010/easyjet-testet-weltweit-erstmals-neue-flugzeuglackierung-zur-gewichtsreduktion-und-senkt-so-den-treibstoffverbrauch,403,30 Jan 2026 (00:34 UTC)
https://newsroom.dna.online/blog-posts/view/4010/easyjet-testet-weltweit-erstmals-neue-flugzeuglackierung-zur-gewichtsreduktion-und-senkt-so-den-treibstoffverbrauch,https://newsroom.dna.online/company-files/download/31776/blog-posts/view/4010/easyjet-testet-weltweit-erstmals-neue-flugzeuglackierung-zur-gewichtsreduktion-und-senkt-so-den-treibstoffverbrauch,403,30 Jan 2026 (00:34 UTC)
https://newsroom.dna.online/blog-posts/view/4010/{{downloadLink}},https://newsroom.dna.online/blogs/updates/2,404,30 Jan 2026 (00:34 UTC)
https://newsroom.dna.online/blog-posts/view/4010/{{fileLink}},https://newsroom.dna.online/blogs/updates/2,404,30 Jan 2026 (00:34 UTC)
https://newsroom.dna.online/blog-posts/view/4027/easyjet-releases-more-fearless-flyer-course-dates-as-it-celebrates-the-200th-programme-in-may,https://newsroom.dna.online/company-files/download/31760/blog-posts/view/4027/easyjet-releases-more-fearless-flyer-course-dates-as-it-celebrates-the-200th-programme-in-may,403,30 Jan 2026 (00:34 UTC)
https://newsroom.dna.online/blog-posts/view/4027/{{downloadLink}},https://newsroom.dna.online/blogs/updates/2,404,30 Jan 2026 (00:34 UTC)
https://newsroom.dna.online/blog-posts/view/4027/{{fileLink}},https://newsroom.dna.online/blogs/updates/2,404,30 Jan 2026 (00:34 UTC)
https://newsroom.dna.online/blog-posts/view/4029/sommerflugplan-2025-easyjet-verstarkt-engagement-in-deutschland-fliegt-neu-ab-dusseldorf-und-frankfurt-und-erganzt-streckennetz-ab-berlin-hamburg-und-munchen,https://newsroom.dna.online/company-files/download/31798/blog-posts/view/4029/sommerflugplan-2025-easyjet-verstarkt-engagement-in-deutschland-fliegt-neu-ab-dusseldorf-und-frankfurt-und-erganzt-streckennetz-ab-berlin-hamburg-und-munchen,403,30 Jan 2026 (00:34 UTC)
https://newsroom.dna.online/blog-posts/view/4029/sommerflugplan-2025-easyjet-verstarkt-engagement-in-deutschland-fliegt-neu-ab-dusseldorf-und-frankfurt-und-erganzt-streckennetz-ab-berlin-hamburg-und-munchen,https://newsroom.dna.online/blog-posts/download-all/4029/blog-posts/view/4029/sommerflugplan-2025-easyjet-verstarkt-engagement-in-deutschland-fliegt-neu-ab-dusseldorf-und-frankfurt-und-erganzt-streckennetz-ab-berlin-hamburg-und-munchen,502,30 Jan 2026 (00:34 UTC)
https://newsroom.dna.online/blog-posts/view/4029/sommerflugplan-2025-easyjet-verstarkt-engagement-in-deutschland-fliegt-neu-ab-dusseldorf-und-frankfurt-und-erganzt-streckennetz-ab-berlin-hamburg-und-munchen,https://newsroom.dna.online/company-files/download/31799/blog-posts/view/4029/sommerflugplan-2025-easyjet-verstarkt-engagement-in-deutschland-fliegt-neu-ab-dusseldorf-und-frankfurt-und-erganzt-streckennetz-ab-berlin-hamburg-und-munchen,403,30 Jan 2026 (00:34 UTC)
https://newsroom.dna.online/blog-posts/view/4029/sommerflugplan-2025-easyjet-verstarkt-engagement-in-deutschland-fliegt-neu-ab-dusseldorf-und-frankfurt-und-erganzt-streckennetz-ab-berlin-hamburg-und-munchen,https://newsroom.dna.online/company-files/download/31797/blog-posts/view/4029/sommerflugplan-2025-easyjet-verstarkt-engagement-in-deutschland-fliegt-neu-ab-dusseldorf-und-frankfurt-und-erganzt-streckennetz-ab-berlin-hamburg-und-munchen,403,30 Jan 2026 (00:34 UTC)
https://newsroom.dna.online/blog-posts/view/4029/sommerflugplan-2025-easyjet-verstarkt-engagement-in-deutschland-fliegt-neu-ab-dusseldorf-und-frankfurt-und-erganzt-streckennetz-ab-berlin-hamburg-und-munchen,https://newsroom.dna.online/company-files/download/31802/blog-posts/view/4029/sommerflugplan-2025-easyjet-verstarkt-engagement-in-deutschland-fliegt-neu-ab-dusseldorf-und-frankfurt-und-erganzt-streckennetz-ab-berlin-hamburg-und-munchen,403,30 Jan 2026 (00:34 UTC)
https://newsroom.dna.online/blog-posts/view/4029/sommerflugplan-2025-easyjet-verstarkt-engagement-in-deutschland-fliegt-neu-ab-dusseldorf-und-frankfurt-und-erganzt-streckennetz-ab-berlin-hamburg-und-munchen,https://newsroom.dna.online/company-files/download/31795/blog-posts/view/4029/sommerflugplan-2025-easyjet-verstarkt-engagement-in-deutschland-fliegt-neu-ab-dusseldorf-und-frankfurt-und-erganzt-streckennetz-ab-berlin-hamburg-und-munchen,403,30 Jan 2026 (00:34 UTC)
https://newsroom.dna.online/blog-posts/view/4029/sommerflugplan-2025-easyjet-verstarkt-engagement-in-deutschland-fliegt-neu-ab-dusseldorf-und-frankfurt-und-erganzt-streckennetz-ab-berlin-hamburg-und-munchen,https://newsroom.dna.online/company-files/download/31796/blog-posts/view/4029/sommerflugplan-2025-easyjet-verstarkt-engagement-in-deutschland-fliegt-neu-ab-dusseldorf-und-frankfurt-und-erganzt-streckennetz-ab-berlin-hamburg-und-munchen,403,30 Jan 2026 (00:34 UTC)
https://newsroom.dna.online/blog-posts/view/4029/sommerflugplan-2025-easyjet-verstarkt-engagement-in-deutschland-fliegt-neu-ab-dusseldorf-und-frankfurt-und-erganzt-streckennetz-ab-berlin-hamburg-und-munchen,https://newsroom.dna.online/company-files/download/31801/blog-posts/view/4029/sommerflugplan-2025-easyjet-verstarkt-engagement-in-deutschland-fliegt-neu-ab-dusseldorf-und-frankfurt-und-erganzt-streckennetz-ab-berlin-hamburg-und-munchen,403,30 Jan 2026 (00:34 UTC)
https://newsroom.dna.online/blog-posts/view/4029/sommerflugplan-2025-easyjet-verstarkt-engagement-in-deutschland-fliegt-neu-ab-dusseldorf-und-frankfurt-und-erganzt-streckennetz-ab-berlin-hamburg-und-munchen,https://newsroom.dna.online/company-files/download/31800/blog-posts/view/4029/sommerflugplan-2025-easyjet-verstarkt-engagement-in-deutschland-fliegt-neu-ab-dusseldorf-und-frankfurt-und-erganzt-streckennetz-ab-berlin-hamburg-und-munchen,403,30 Jan 2026 (00:34 UTC)
https://newsroom.dna.online/blog-posts/view/4029/{{fileLink}},https://newsroom.dna.online/blogs/updates/2,404,30 Jan 2026 (00:34 UTC)
https://newsroom.dna.online/blog-posts/view/4035/easyjet-launches-onboard-collection-to-support-unicefs-myanmar-earthquake-appeal,https://newsroom.dna.online/company-files/download/31823/blog-posts/view/4035/easyjet-launches-onboard-collection-to-support-unicefs-myanmar-earthquake-appeal,403,30 Jan 2026 (00:34 UTC)
https://newsroom.dna.online/blog-posts/view/4035/{{downloadLink}},https://newsroom.dna.online/blogs/updates/2,404,30 Jan 2026 (00:34 UTC)
https://newsroom.dna.online/blog-posts/view/4035/{{fileLink}},https://newsroom.dna.online/blogs/updates/2,404,30 Jan 2026 (00:34 UTC)
https://newsroom.dna.online/blog-posts/view/4131/laolu-x-lci-where-art-meets-sustainability-in-an-exclusive-collaboration,https://newsroom.dna.online/blogs/updates/2,404,30 Jan 2026 (00:34 UTC)
https://newsroom.dna.online/blog-posts/view/4131/{{downloadLink}},https://newsroom.dna.online/blogs/updates/2,404,30 Jan 2026 (00:34 UTC)
https://newsroom.dna.online/blog-posts/view/4131/{{fileLink}},https://newsroom.dna.online/blogs/updates/2,404,30 Jan 2026 (00:34 UTC)
https://newsroom.dna.online/blog-posts/view/4227/bombay-sapphire-distillery-celebrates-decade-at-historic-laverstoke-mill,https://newsroom.dna.online/blogs/updates/2,404,30 Jan 2026 (00:34 UTC)
https://newsroom.dna.online/blog-posts/view/4227/{{downloadLink}},https://newsroom.dna.online/blogs/updates/2,404,30 Jan 2026 (00:34 UTC)
https://newsroom.dna.online/blog-posts/view/4227/{{fileLink}},https://newsroom.dna.online/blogs/updates/2,404,30 Jan 2026 (00:34 UTC)
https://newsroom.dna.online/blog-posts/view/4228/bombay-sapphire-unveils-limited-edition-glassware-collection-with-multi-awarded-designer-thomas-heatherwick,https://newsroom.dna.online/company-files/download/32740/blog-posts/view/4228/bombay-sapphire-unveils-limited-edition-glassware-collection-with-multi-awarded-designer-thomas-heatherwick,403,30 Jan 2026 (00:34 UTC)
https://newsroom.dna.online/blog-posts/view/4228/bombay-sapphire-unveils-limited-edition-glassware-collection-with-multi-awarded-designer-thomas-heatherwick,https://newsroom.dna.online/company-files/download/32730/blog-posts/view/4228/bombay-sapphire-unveils-limited-edition-glassware-collection-with-multi-awarded-designer-thomas-heatherwick,403,30 Jan 2026 (00:34 UTC)
https://newsroom.dna.online/blog-posts/view/4228/bombay-sapphire-unveils-limited-edition-glassware-collection-with-multi-awarded-designer-thomas-heatherwick,https://newsroom.dna.online/company-files/download/32738/blog-posts/view/4228/bombay-sapphire-unveils-limited-edition-glassware-collection-with-multi-awarded-designer-thomas-heatherwick,403,30 Jan 2026 (00:34 UTC)
https://newsroom.dna.online/blog-posts/view/4228/bombay-sapphire-unveils-limited-edition-glassware-collection-with-multi-awarded-designer-thomas-heatherwick,https://newsroom.dna.online/company-files/download/32739/blog-posts/view/4228/bombay-sapphire-unveils-limited-edition-glassware-collection-with-multi-awarded-designer-thomas-heatherwick,403,30 Jan 2026 (00:34 UTC)
https://newsroom.dna.online/blog-posts/view/4228/bombay-sapphire-unveils-limited-edition-glassware-collection-with-multi-awarded-designer-thomas-heatherwick,https://newsroom.dna.online/company-files/download/32733/blog-posts/view/4228/bombay-sapphire-unveils-limited-edition-glassware-collection-with-multi-awarded-designer-thomas-heatherwick,403,30 Jan 2026 (00:34 UTC)
https://newsroom.dna.online/blog-posts/view/4228/bombay-sapphire-unveils-limited-edition-glassware-collection-with-multi-awarded-designer-thomas-heatherwick,https://newsroom.dna.online/company-files/download/32737/blog-posts/view/4228/bombay-sapphire-unveils-limited-edition-glassware-collection-with-multi-awarded-designer-thomas-heatherwick,403,30 Jan 2026 (00:34 UTC)
https://newsroom.dna.online/blog-posts/view/4228/bombay-sapphire-unveils-limited-edition-glassware-collection-with-multi-awarded-designer-thomas-heatherwick,https://newsroom.dna.online/company-files/download/32734/blog-posts/view/4228/bombay-sapphire-unveils-limited-edition-glassware-collection-with-multi-awarded-designer-thomas-heatherwick,403,30 Jan 2026 (00:34 UTC)
https://newsroom.dna.online/blog-posts/view/4228/bombay-sapphire-unveils-limited-edition-glassware-collection-with-multi-awarded-designer-thomas-heatherwick,https://newsroom.dna.online/company-files/download/32736/blog-posts/view/4228/bombay-sapphire-unveils-limited-edition-glassware-collection-with-multi-awarded-designer-thomas-heatherwick,403,30 Jan 2026 (00:34 UTC)
https://newsroom.dna.online/blog-posts/view/4228/bombay-sapphire-unveils-limited-edition-glassware-collection-with-multi-awarded-designer-thomas-heatherwick,https://newsroom.dna.online/company-files/download/32731/blog-posts/view/4228/bombay-sapphire-unveils-limited-edition-glassware-collection-with-multi-awarded-designer-thomas-heatherwick,403,30 Jan 2026 (00:34 UTC)
https://newsroom.dna.online/blog-posts/view/4228/bombay-sapphire-unveils-limited-edition-glassware-collection-with-multi-awarded-designer-thomas-heatherwick,https://newsroom.dna.online/company-files/download/32732/blog-posts/view/4228/bombay-sapphire-unveils-limited-edition-glassware-collection-with-multi-awarded-designer-thomas-heatherwick,403,30 Jan 2026 (00:34 UTC)
https://newsroom.dna.online/blog-posts/view/4228/bombay-sapphire-unveils-limited-edition-glassware-collection-with-multi-awarded-designer-thomas-heatherwick,https://newsroom.dna.online/company-files/download/32735/blog-posts/view/4228/bombay-sapphire-unveils-limited-edition-glassware-collection-with-multi-awarded-designer-thomas-heatherwick,403,30 Jan 2026 (00:34 UTC)
https://newsroom.dna.online/blog-posts/view/4228/bombay-sapphire-unveils-limited-edition-glassware-collection-with-multi-awarded-designer-thomas-heatherwick,https://newsroom.dna.online/blog-posts/download-all/4228/blog-posts/view/4228/bombay-sapphire-unveils-limited-edition-glassware-collection-with-multi-awarded-designer-thomas-heatherwick,502,30 Jan 2026 (00:34 UTC)
https://newsroom.dna.online/blog-posts/view/4228/{{downloadLink}},https://newsroom.dna.online/blogs/updates/2,404,30 Jan 2026 (00:34 UTC)
https://newsroom.dna.online/blog-posts/view/4228/{{fileLink}},https://newsroom.dna.online/blogs/updates/2,404,30 Jan 2026 (00:34 UTC)
https://newsroom.dna.online/blog-posts/view/4231/bombay-sapphire-invites-the-world-to-step-into-the-blue-a-new-global-campaign-inspiring-people-to-immerse-themselves-in-the-beauty-of-life,https://newsroom.dna.online/blogs/updates/2,404,30 Jan 2026 (00:34 UTC)
https://newsroom.dna.online/blog-posts/view/4231/{{downloadLink}},https://newsroom.dna.online/blogs/updates/2,404,30 Jan 2026 (00:34 UTC)
https://newsroom.dna.online/blog-posts/view/4231/{{fileLink}},https://newsroom.dna.online/blogs/updates/2,404,30 Jan 2026 (00:34 UTC)
https://newsroom.dna.online/blog-posts/view/4232/bombay-sapphire-announces-electrifying-global-partnership-with-e1-series,https://newsroom.dna.online/blogs/updates/2,404,30 Jan 2026 (00:34 UTC)
https://newsroom.dna.online/blog-posts/view/4232/{{downloadLink}},https://newsroom.dna.online/blogs/updates/2,404,30 Jan 2026 (00:34 UTC)
https://newsroom.dna.online/blog-posts/view/4232/{{fileLink}},https://newsroom.dna.online/blogs/updates/2,404,30 Jan 2026 (00:34 UTC)
https://newsroom.dna.online/blog-posts/view/4398/idris-elba-reveals-new-sky-high-anthem-as-he-comes-together-with-grey-goose-altius-to-create-the-ultimate-celebration-moment,https://newsroom.dna.online/blog-posts/download-all/4398/blog-posts/view/4398/idris-elba-reveals-new-sky-high-anthem-as-he-comes-together-with-grey-goose-altius-to-create-the-ultimate-celebration-moment,502,30 Jan 2026 (00:34 UTC)
https://newsroom.dna.online/blog-posts/view/4398/idris-elba-reveals-new-sky-high-anthem-as-he-comes-together-with-grey-goose-altius-to-create-the-ultimate-celebration-moment,https://newsroom.dna.online/company-files/download/33841/blog-posts/view/4398/idris-elba-reveals-new-sky-high-anthem-as-he-comes-together-with-grey-goose-altius-to-create-the-ultimate-celebration-moment,403,30 Jan 2026 (00:34 UTC)
https://newsroom.dna.online/blog-posts/view/4398/idris-elba-reveals-new-sky-high-anthem-as-he-comes-together-with-grey-goose-altius-to-create-the-ultimate-celebration-moment,https://newsroom.dna.online/company-files/download/33840/blog-posts/view/4398/idris-elba-reveals-new-sky-high-anthem-as-he-comes-together-with-grey-goose-altius-to-create-the-ultimate-celebration-moment,403,30 Jan 2026 (00:34 UTC)
https://newsroom.dna.online/blog-posts/view/4398/idris-elba-reveals-new-sky-high-anthem-as-he-comes-together-with-grey-goose-altius-to-create-the-ultimate-celebration-moment,https://newsroom.dna.online/company-files/download/33842/blog-posts/view/4398/idris-elba-reveals-new-sky-high-anthem-as-he-comes-together-with-grey-goose-altius-to-create-the-ultimate-celebration-moment,403,30 Jan 2026 (00:34 UTC)
https://newsroom.dna.online/blog-posts/view/4398/{{downloadLink}},https://newsroom.dna.online/blogs/updates/2,404,30 Jan 2026 (00:34 UTC)
https://newsroom.dna.online/blog-posts/view/4398/{{fileLink}},https://newsroom.dna.online/blogs/updates/2,404,30 Jan 2026 (00:34 UTC)
https://newsroom.dna.online/blog-posts/view/4424/{{downloadLink}},https://newsroom.dna.online/blogs/updates/2,404,30 Jan 2026 (00:34 UTC)
https://newsroom.dna.online/blog-posts/view/4424/{{fileLink}},https://newsroom.dna.online/blogs/updates/2,404,30 Jan 2026 (00:34 UTC)
https://newsroom.dna.online/blog-posts/view/4453/f1-lvgp-recap-shaun-whites-f1-vegas-patron-goat-circuit-takeover,https://newsroom.dna.online/company-files/download/34216/blog-posts/view/4453/f1-lvgp-recap-shaun-whites-f1-vegas-patron-goat-circuit-takeover,403,30 Jan 2026 (00:34 UTC)
https://newsroom.dna.online/blog-posts/view/4453/f1-lvgp-recap-shaun-whites-f1-vegas-patron-goat-circuit-takeover,https://newsroom.dna.online/company-files/download/34215/blog-posts/view/4453/f1-lvgp-recap-shaun-whites-f1-vegas-patron-goat-circuit-takeover,403,30 Jan 2026 (00:34 UTC)
https://newsroom.dna.online/blog-posts/view/4453/f1-lvgp-recap-shaun-whites-f1-vegas-patron-goat-circuit-takeover,https://newsroom.dna.online/company-files/download/34217/blog-posts/view/4453/f1-lvgp-recap-shaun-whites-f1-vegas-patron-goat-circuit-takeover,403,30 Jan 2026 (00:34 UTC)
https://newsroom.dna.online/blog-posts/view/4453/f1-lvgp-recap-shaun-whites-f1-vegas-patron-goat-circuit-takeover,https://newsroom.dna.online/blog-posts/download-all/4453/blog-posts/view/4453/f1-lvgp-recap-shaun-whites-f1-vegas-patron-goat-circuit-takeover,502,30 Jan 2026 (00:34 UTC)
https://newsroom.dna.online/blog-posts/view/4453/f1-lvgp-recap-shaun-whites-f1-vegas-patron-goat-circuit-takeover,https://newsroom.dna.online/company-files/download/34213/blog-posts/view/4453/f1-lvgp-recap-shaun-whites-f1-vegas-patron-goat-circuit-takeover,403,30 Jan 2026 (00:34 UTC)
https://newsroom.dna.online/blog-posts/view/4453/f1-lvgp-recap-shaun-whites-f1-vegas-patron-goat-circuit-takeover,https://newsroom.dna.online/company-files/download/34214/blog-posts/view/4453/f1-lvgp-recap-shaun-whites-f1-vegas-patron-goat-circuit-takeover,403,30 Jan 2026 (00:34 UTC)
https://newsroom.dna.online/blog-posts/view/4453/{{fileLink}},https://newsroom.dna.online/blogs/updates/2,404,30 Jan 2026 (00:34 UTC)
https://newsroom.dna.online/blog-posts/view/4456/f1-lvgp-recap-shaun-whites-f1-vegas-patron-goat-circuit-takeover,https://newsroom.dna.online/company-files/download/34225/blog-posts/view/4456/f1-lvgp-recap-shaun-whites-f1-vegas-patron-goat-circuit-takeover,403,30 Jan 2026 (00:34 UTC)
https://newsroom.dna.online/blog-posts/view/4456/f1-lvgp-recap-shaun-whites-f1-vegas-patron-goat-circuit-takeover,https://newsroom.dna.online/company-files/download/34224/blog-posts/view/4456/f1-lvgp-recap-shaun-whites-f1-vegas-patron-goat-circuit-takeover,403,30 Jan 2026 (00:34 UTC)
https://newsroom.dna.online/blog-posts/view/4456/f1-lvgp-recap-shaun-whites-f1-vegas-patron-goat-circuit-takeover,https://newsroom.dna.online/company-files/download/34223/blog-posts/view/4456/f1-lvgp-recap-shaun-whites-f1-vegas-patron-goat-circuit-takeover,403,30 Jan 2026 (00:34 UTC)
https://newsroom.dna.online/blog-posts/view/4456/f1-lvgp-recap-shaun-whites-f1-vegas-patron-goat-circuit-takeover,https://newsroom.dna.online/company-files/download/34221/blog-posts/view/4456/f1-lvgp-recap-shaun-whites-f1-vegas-patron-goat-circuit-takeover,403,30 Jan 2026 (00:34 UTC)
https://newsroom.dna.online/blog-posts/view/4456/f1-lvgp-recap-shaun-whites-f1-vegas-patron-goat-circuit-takeover,https://newsroom.dna.online/company-files/download/34222/blog-posts/view/4456/f1-lvgp-recap-shaun-whites-f1-vegas-patron-goat-circuit-takeover,403,30 Jan 2026 (00:34 UTC)
https://newsroom.dna.online/blog-posts/view/4456/f1-lvgp-recap-shaun-whites-f1-vegas-patron-goat-circuit-takeover,https://newsroom.dna.online/blog-posts/download-all/4456/blog-posts/view/4456/f1-lvgp-recap-shaun-whites-f1-vegas-patron-goat-circuit-takeover,502,30 Jan 2026 (00:34 UTC)
https://newsroom.dna.online/blog-posts/view/4456/{{downloadLink}},https://newsroom.dna.online/blogs/updates/2,404,30 Jan 2026 (00:34 UTC)
https://newsroom.dna.online/blog-posts/view/4456/{{fileLink}},https://newsroom.dna.online/blogs/updates/2,404,30 Jan 2026 (00:34 UTC)
https://newsroom.dna.online/blog-posts/view/4472/angels-envy-releases-13th-annual-cask-strength-bourbon-introducing-new-twist-with-added-tawny-port-finish,https://newsroom.dna.online/blogs/updates/2,404,30 Jan 2026 (00:34 UTC)
https://newsroom.dna.online/blog-posts/view/4472/{{downloadLink}},https://newsroom.dna.online/blogs/updates/2,404,30 Jan 2026 (00:34 UTC)
https://newsroom.dna.online/blog-posts/view/4472/{{fileLink}},https://newsroom.dna.online/blogs/updates/2,404,30 Jan 2026 (00:34 UTC)
https://newsroom.dna.online/blog-posts/view/4474/angels-envy-releases-newest-cellar-collection-series-vol-5-straight-rye-whiskey-finished-in-french-oak-extra-anejo-tequila-barrels,https://newsroom.dna.online/blogs/updates/2,404,30 Jan 2026 (00:34 UTC)
https://newsroom.dna.online/blog-posts/view/4474/{{downloadLink}},https://newsroom.dna.online/blogs/updates/2,404,30 Jan 2026 (00:34 UTC)
https://newsroom.dna.online/blog-posts/view/4474/{{fileLink}},https://newsroom.dna.online/blogs/updates/2,404,30 Jan 2026 (00:34 UTC)
https://newsroom.dna.online/blog-posts/view/4713/bacardi-brings-summer-vibes-into-winter-with-the-bacardi-x-on-vacation-collection,https://newsroom.dna.online/company-files/download/35301/blog-posts/view/4713/bacardi-brings-summer-vibes-into-winter-with-the-bacardi-x-on-vacation-collection,403,30 Jan 2026 (00:34 UTC)
https://newsroom.dna.online/blog-posts/view/4713/bacardi-brings-summer-vibes-into-winter-with-the-bacardi-x-on-vacation-collection,https://newsroom.dna.online/company-files/download/35307/blog-posts/view/4713/bacardi-brings-summer-vibes-into-winter-with-the-bacardi-x-on-vacation-collection,403,30 Jan 2026 (00:34 UTC)
https://newsroom.dna.online/blog-posts/view/4713/bacardi-brings-summer-vibes-into-winter-with-the-bacardi-x-on-vacation-collection,https://newsroom.dna.online/company-files/download/35303/blog-posts/view/4713/bacardi-brings-summer-vibes-into-winter-with-the-bacardi-x-on-vacation-collection,403,30 Jan 2026 (00:34 UTC)
https://newsroom.dna.online/blog-posts/view/4713/bacardi-brings-summer-vibes-into-winter-with-the-bacardi-x-on-vacation-collection,https://newsroom.dna.online/company-files/download/35308/blog-posts/view/4713/bacardi-brings-summer-vibes-into-winter-with-the-bacardi-x-on-vacation-collection,403,30 Jan 2026 (00:34 UTC)
https://newsroom.dna.online/blog-posts/view/4713/bacardi-brings-summer-vibes-into-winter-with-the-bacardi-x-on-vacation-collection,https://newsroom.dna.online/company-files/download/35311/blog-posts/view/4713/bacardi-brings-summer-vibes-into-winter-with-the-bacardi-x-on-vacation-collection,403,30 Jan 2026 (00:34 UTC)
https://newsroom.dna.online/blog-posts/view/4713/bacardi-brings-summer-vibes-into-winter-with-the-bacardi-x-on-vacation-collection,https://newsroom.dna.online/company-files/download/35310/blog-posts/view/4713/bacardi-brings-summer-vibes-into-winter-with-the-bacardi-x-on-vacation-collection,403,30 Jan 2026 (00:34 UTC)
https://newsroom.dna.online/blog-posts/view/4713/bacardi-brings-summer-vibes-into-winter-with-the-bacardi-x-on-vacation-collection,https://newsroom.dna.online/company-files/download/35302/blog-posts/view/4713/bacardi-brings-summer-vibes-into-winter-with-the-bacardi-x-on-vacation-collection,403,30 Jan 2026 (00:34 UTC)
https://newsroom.dna.online/blog-posts/view/4713/bacardi-brings-summer-vibes-into-winter-with-the-bacardi-x-on-vacation-collection,https://newsroom.dna.online/company-files/download/35304/blog-posts/view/4713/bacardi-brings-summer-vibes-into-winter-with-the-bacardi-x-on-vacation-collection,403,30 Jan 2026 (00:34 UTC)
https://newsroom.dna.online/blog-posts/view/4713/bacardi-brings-summer-vibes-into-winter-with-the-bacardi-x-on-vacation-collection,https://newsroom.dna.online/blog-posts/download-all/4713/blog-posts/view/4713/bacardi-brings-summer-vibes-into-winter-with-the-bacardi-x-on-vacation-collection,502,30 Jan 2026 (00:34 UTC)
https://newsroom.dna.online/blog-posts/view/4713/bacardi-brings-summer-vibes-into-winter-with-the-bacardi-x-on-vacation-collection,https://newsroom.dna.online/company-files/download/35306/blog-posts/view/4713/bacardi-brings-summer-vibes-into-winter-with-the-bacardi-x-on-vacation-collection,403,30 Jan 2026 (00:34 UTC)
https://newsroom.dna.online/blog-posts/view/4713/bacardi-brings-summer-vibes-into-winter-with-the-bacardi-x-on-vacation-collection,https://newsroom.dna.online/company-files/download/35299/blog-posts/view/4713/bacardi-brings-summer-vibes-into-winter-with-the-bacardi-x-on-vacation-collection,403,30 Jan 2026 (00:34 UTC)
https://newsroom.dna.online/blog-posts/view/4713/bacardi-brings-summer-vibes-into-winter-with-the-bacardi-x-on-vacation-collection,https://newsroom.dna.online/company-files/download/35305/blog-posts/view/4713/bacardi-brings-summer-vibes-into-winter-with-the-bacardi-x-on-vacation-collection,403,30 Jan 2026 (00:34 UTC)
https://newsroom.dna.online/blog-posts/view/4713/bacardi-brings-summer-vibes-into-winter-with-the-bacardi-x-on-vacation-collection,https://newsroom.dna.online/company-files/download/35309/blog-posts/view/4713/bacardi-brings-summer-vibes-into-winter-with-the-bacardi-x-on-vacation-collection,403,30 Jan 2026 (00:34 UTC)
https://newsroom.dna.online/blog-posts/view/4713/bacardi-brings-summer-vibes-into-winter-with-the-bacardi-x-on-vacation-collection,https://newsroom.dna.online/company-files/download/35300/blog-posts/view/4713/bacardi-brings-summer-vibes-into-winter-with-the-bacardi-x-on-vacation-collection,403,30 Jan 2026 (00:34 UTC)
https://newsroom.dna.online/blog-posts/view/4713/{{downloadLink}},https://newsroom.dna.online/blogs/updates/2,404,30 Jan 2026 (00:34 UTC)
https://newsroom.dna.online/blog-posts/view/4713/{{fileLink}},https://newsroom.dna.online/blogs/updates/2,404,30 Jan 2026 (00:34 UTC)
https://newsroom.dna.online/blog-posts/view/4751/dewars-blended-scotch-whisky-pushes-the-boundaries-of-innovation-and-discovery-with-release-of-double-double-21-year-old-stone-toasted,https://newsroom.dna.online/company-files/download/35545/blog-posts/view/4751/dewars-blended-scotch-whisky-pushes-the-boundaries-of-innovation-and-discovery-with-release-of-double-double-21-year-old-stone-toasted,403,30 Jan 2026 (00:34 UTC)
https://newsroom.dna.online/blog-posts/view/4751/{{downloadLink}},https://newsroom.dna.online/blogs/updates/2,404,30 Jan 2026 (00:34 UTC)
https://newsroom.dna.online/blog-posts/view/4751/{{fileLink}},https://newsroom.dna.online/blogs/updates/2,404,30 Jan 2026 (00:34 UTC)
https://newsroom.dna.online/blog-posts/view/4765/st-germain-liqueur-announces-new-collaboration-with-actress-sophie-turner-to-celebrate-the-cocktail-of-the-summer-the-st-germain-hugo-spritz,https://newsroom.dna.online/company-files/download/35624/blog-posts/view/4765/st-germain-liqueur-announces-new-collaboration-with-actress-sophie-turner-to-celebrate-the-cocktail-of-the-summer-the-st-germain-hugo-spritz,403,30 Jan 2026 (00:34 UTC)
https://newsroom.dna.online/blog-posts/view/4765/st-germain-liqueur-announces-new-collaboration-with-actress-sophie-turner-to-celebrate-the-cocktail-of-the-summer-the-st-germain-hugo-spritz,https://newsroom.dna.online/company-files/download/35648/blog-posts/view/4765/st-germain-liqueur-announces-new-collaboration-with-actress-sophie-turner-to-celebrate-the-cocktail-of-the-summer-the-st-germain-hugo-spritz,403,30 Jan 2026 (00:34 UTC)
https://newsroom.dna.online/blog-posts/view/4765/st-germain-liqueur-announces-new-collaboration-with-actress-sophie-turner-to-celebrate-the-cocktail-of-the-summer-the-st-germain-hugo-spritz,https://newsroom.dna.online/company-files/download/35645/blog-posts/view/4765/st-germain-liqueur-announces-new-collaboration-with-actress-sophie-turner-to-celebrate-the-cocktail-of-the-summer-the-st-germain-hugo-spritz,403,30 Jan 2026 (00:34 UTC)
https://newsroom.dna.online/blog-posts/view/4765/st-germain-liqueur-announces-new-collaboration-with-actress-sophie-turner-to-celebrate-the-cocktail-of-the-summer-the-st-germain-hugo-spritz,https://newsroom.dna.online/company-files/download/35646/blog-posts/view/4765/st-germain-liqueur-announces-new-collaboration-with-actress-sophie-turner-to-celebrate-the-cocktail-of-the-summer-the-st-germain-hugo-spritz,403,30 Jan 2026 (00:34 UTC)
https://newsroom.dna.online/blog-posts/view/4765/st-germain-liqueur-announces-new-collaboration-with-actress-sophie-turner-to-celebrate-the-cocktail-of-the-summer-the-st-germain-hugo-spritz,https://newsroom.dna.online/company-files/download/35632/blog-posts/view/4765/st-germain-liqueur-announces-new-collaboration-with-actress-sophie-turner-to-celebrate-the-cocktail-of-the-summer-the-st-germain-hugo-spritz,403,30 Jan 2026 (00:34 UTC)
https://newsroom.dna.online/blog-posts/view/4765/st-germain-liqueur-announces-new-collaboration-with-actress-sophie-turner-to-celebrate-the-cocktail-of-the-summer-the-st-germain-hugo-spritz,https://newsroom.dna.online/company-files/download/35630/blog-posts/view/4765/st-germain-liqueur-announces-new-collaboration-with-actress-sophie-turner-to-celebrate-the-cocktail-of-the-summer-the-st-germain-hugo-spritz,403,30 Jan 2026 (00:34 UTC)
https://newsroom.dna.online/blog-posts/view/4765/st-germain-liqueur-announces-new-collaboration-with-actress-sophie-turner-to-celebrate-the-cocktail-of-the-summer-the-st-germain-hugo-spritz,https://newsroom.dna.online/company-files/download/35619/blog-posts/view/4765/st-germain-liqueur-announces-new-collaboration-with-actress-sophie-turner-to-celebrate-the-cocktail-of-the-summer-the-st-germain-hugo-spritz,403,30 Jan 2026 (00:34 UTC)
https://newsroom.dna.online/blog-posts/view/4765/st-germain-liqueur-announces-new-collaboration-with-actress-sophie-turner-to-celebrate-the-cocktail-of-the-summer-the-st-germain-hugo-spritz,https://newsroom.dna.online/company-files/download/35636/blog-posts/view/4765/st-germain-liqueur-announces-new-collaboration-with-actress-sophie-turner-to-celebrate-the-cocktail-of-the-summer-the-st-germain-hugo-spritz,403,30 Jan 2026 (00:34 UTC)
https://newsroom.dna.online/blog-posts/view/4765/st-germain-liqueur-announces-new-collaboration-with-actress-sophie-turner-to-celebrate-the-cocktail-of-the-summer-the-st-germain-hugo-spritz,https://newsroom.dna.online/company-files/download/35651/blog-posts/view/4765/st-germain-liqueur-announces-new-collaboration-with-actress-sophie-turner-to-celebrate-the-cocktail-of-the-summer-the-st-germain-hugo-spritz,403,30 Jan 2026 (00:34 UTC)
https://newsroom.dna.online/blog-posts/view/4765/st-germain-liqueur-announces-new-collaboration-with-actress-sophie-turner-to-celebrate-the-cocktail-of-the-summer-the-st-germain-hugo-spritz,https://newsroom.dna.online/company-files/download/35642/blog-posts/view/4765/st-germain-liqueur-announces-new-collaboration-with-actress-sophie-turner-to-celebrate-the-cocktail-of-the-summer-the-st-germain-hugo-spritz,403,30 Jan 2026 (00:34 UTC)
https://newsroom.dna.online/blog-posts/view/4765/st-germain-liqueur-announces-new-collaboration-with-actress-sophie-turner-to-celebrate-the-cocktail-of-the-summer-the-st-germain-hugo-spritz,https://newsroom.dna.online/company-files/download/35627/blog-posts/view/4765/st-germain-liqueur-announces-new-collaboration-with-actress-sophie-turner-to-celebrate-the-cocktail-of-the-summer-the-st-germain-hugo-spritz,403,30 Jan 2026 (00:34 UTC)
https://newsroom.dna.online/blog-posts/view/4765/st-germain-liqueur-announces-new-collaboration-with-actress-sophie-turner-to-celebrate-the-cocktail-of-the-summer-the-st-germain-hugo-spritz,https://newsroom.dna.online/company-files/download/35634/blog-posts/view/4765/st-germain-liqueur-announces-new-collaboration-with-actress-sophie-turner-to-celebrate-the-cocktail-of-the-summer-the-st-germain-hugo-spritz,403,30 Jan 2026 (00:34 UTC)
https://newsroom.dna.online/blog-posts/view/4765/st-germain-liqueur-announces-new-collaboration-with-actress-sophie-turner-to-celebrate-the-cocktail-of-the-summer-the-st-germain-hugo-spritz,https://newsroom.dna.online/company-files/download/35626/blog-posts/view/4765/st-germain-liqueur-announces-new-collaboration-with-actress-sophie-turner-to-celebrate-the-cocktail-of-the-summer-the-st-germain-hugo-spritz,403,30 Jan 2026 (00:34 UTC)
https://newsroom.dna.online/blog-posts/view/4765/st-germain-liqueur-announces-new-collaboration-with-actress-sophie-turner-to-celebrate-the-cocktail-of-the-summer-the-st-germain-hugo-spritz,https://newsroom.dna.online/company-files/download/35622/blog-posts/view/4765/st-germain-liqueur-announces-new-collaboration-with-actress-sophie-turner-to-celebrate-the-cocktail-of-the-summer-the-st-germain-hugo-spritz,403,30 Jan 2026 (00:34 UTC)
https://newsroom.dna.online/blog-posts/view/4765/st-germain-liqueur-announces-new-collaboration-with-actress-sophie-turner-to-celebrate-the-cocktail-of-the-summer-the-st-germain-hugo-spritz,https://newsroom.dna.online/company-files/download/35625/blog-posts/view/4765/st-germain-liqueur-announces-new-collaboration-with-actress-sophie-turner-to-celebrate-the-cocktail-of-the-summer-the-st-germain-hugo-spritz,403,30 Jan 2026 (00:34 UTC)
https://newsroom.dna.online/blog-posts/view/4765/st-germain-liqueur-announces-new-collaboration-with-actress-sophie-turner-to-celebrate-the-cocktail-of-the-summer-the-st-germain-hugo-spritz,https://newsroom.dna.online/company-files/download/35640/blog-posts/view/4765/st-germain-liqueur-announces-new-collaboration-with-actress-sophie-turner-to-celebrate-the-cocktail-of-the-summer-the-st-germain-hugo-spritz,403,30 Jan 2026 (00:34 UTC)
https://newsroom.dna.online/blog-posts/view/4765/st-germain-liqueur-announces-new-collaboration-with-actress-sophie-turner-to-celebrate-the-cocktail-of-the-summer-the-st-germain-hugo-spritz,https://newsroom.dna.online/company-files/download/35623/blog-posts/view/4765/st-germain-liqueur-announces-new-collaboration-with-actress-sophie-turner-to-celebrate-the-cocktail-of-the-summer-the-st-germain-hugo-spritz,403,30 Jan 2026 (00:34 UTC)
https://newsroom.dna.online/blog-posts/view/4765/st-germain-liqueur-announces-new-collaboration-with-actress-sophie-turner-to-celebrate-the-cocktail-of-the-summer-the-st-germain-hugo-spritz,https://newsroom.dna.online/company-files/download/35621/blog-posts/view/4765/st-germain-liqueur-announces-new-collaboration-with-actress-sophie-turner-to-celebrate-the-cocktail-of-the-summer-the-st-germain-hugo-spritz,403,30 Jan 2026 (00:34 UTC)
https://newsroom.dna.online/blog-posts/view/4765/st-germain-liqueur-announces-new-collaboration-with-actress-sophie-turner-to-celebrate-the-cocktail-of-the-summer-the-st-germain-hugo-spritz,https://newsroom.dna.online/company-files/download/35620/blog-posts/view/4765/st-germain-liqueur-announces-new-collaboration-with-actress-sophie-turner-to-celebrate-the-cocktail-of-the-summer-the-st-germain-hugo-spritz,403,30 Jan 2026 (00:34 UTC)
https://newsroom.dna.online/blog-posts/view/4765/st-germain-liqueur-announces-new-collaboration-with-actress-sophie-turner-to-celebrate-the-cocktail-of-the-summer-the-st-germain-hugo-spritz,https://newsroom.dna.online/company-files/download/35654/blog-posts/view/4765/st-germain-liqueur-announces-new-collaboration-with-actress-sophie-turner-to-celebrate-the-cocktail-of-the-summer-the-st-germain-hugo-spritz,403,30 Jan 2026 (00:34 UTC)
https://newsroom.dna.online/blog-posts/view/4765/st-germain-liqueur-announces-new-collaboration-with-actress-sophie-turner-to-celebrate-the-cocktail-of-the-summer-the-st-germain-hugo-spritz,https://newsroom.dna.online/company-files/download/35655/blog-posts/view/4765/st-germain-liqueur-announces-new-collaboration-with-actress-sophie-turner-to-celebrate-the-cocktail-of-the-summer-the-st-germain-hugo-spritz,403,30 Jan 2026 (00:34 UTC)
https://newsroom.dna.online/blog-posts/view/4765/st-germain-liqueur-announces-new-collaboration-with-actress-sophie-turner-to-celebrate-the-cocktail-of-the-summer-the-st-germain-hugo-spritz,https://newsroom.dna.online/company-files/download/35652/blog-posts/view/4765/st-germain-liqueur-announces-new-collaboration-with-actress-sophie-turner-to-celebrate-the-cocktail-of-the-summer-the-st-germain-hugo-spritz,403,30 Jan 2026 (00:34 UTC)
https://newsroom.dna.online/blog-posts/view/4765/st-germain-liqueur-announces-new-collaboration-with-actress-sophie-turner-to-celebrate-the-cocktail-of-the-summer-the-st-germain-hugo-spritz,https://newsroom.dna.online/company-files/download/35638/blog-posts/view/4765/st-germain-liqueur-announces-new-collaboration-with-actress-sophie-turner-to-celebrate-the-cocktail-of-the-summer-the-st-germain-hugo-spritz,403,30 Jan 2026 (00:34 UTC)
https://newsroom.dna.online/blog-posts/view/4765/st-germain-liqueur-announces-new-collaboration-with-actress-sophie-turner-to-celebrate-the-cocktail-of-the-summer-the-st-germain-hugo-spritz,https://newsroom.dna.online/company-files/download/35639/blog-posts/view/4765/st-germain-liqueur-announces-new-collaboration-with-actress-sophie-turner-to-celebrate-the-cocktail-of-the-summer-the-st-germain-hugo-spritz,403,30 Jan 2026 (00:34 UTC)
https://newsroom.dna.online/blog-posts/view/4765/st-germain-liqueur-announces-new-collaboration-with-actress-sophie-turner-to-celebrate-the-cocktail-of-the-summer-the-st-germain-hugo-spritz,https://newsroom.dna.online/company-files/download/35653/blog-posts/view/4765/st-germain-liqueur-announces-new-collaboration-with-actress-sophie-turner-to-celebrate-the-cocktail-of-the-summer-the-st-germain-hugo-spritz,403,30 Jan 2026 (00:34 UTC)
https://newsroom.dna.online/blog-posts/view/4765/st-germain-liqueur-announces-new-collaboration-with-actress-sophie-turner-to-celebrate-the-cocktail-of-the-summer-the-st-germain-hugo-spritz,https://newsroom.dna.online/company-files/download/35629/blog-posts/view/4765/st-germain-liqueur-announces-new-collaboration-with-actress-sophie-turner-to-celebrate-the-cocktail-of-the-summer-the-st-germain-hugo-spritz,403,30 Jan 2026 (00:34 UTC)
https://newsroom.dna.online/blog-posts/view/4765/st-germain-liqueur-announces-new-collaboration-with-actress-sophie-turner-to-celebrate-the-cocktail-of-the-summer-the-st-germain-hugo-spritz,https://newsroom.dna.online/company-files/download/35647/blog-posts/view/4765/st-germain-liqueur-announces-new-collaboration-with-actress-sophie-turner-to-celebrate-the-cocktail-of-the-summer-the-st-germain-hugo-spritz,403,30 Jan 2026 (00:34 UTC)
https://newsroom.dna.online/blog-posts/view/4765/st-germain-liqueur-announces-new-collaboration-with-actress-sophie-turner-to-celebrate-the-cocktail-of-the-summer-the-st-germain-hugo-spritz,https://newsroom.dna.online/company-files/download/35631/blog-posts/view/4765/st-germain-liqueur-announces-new-collaboration-with-actress-sophie-turner-to-celebrate-the-cocktail-of-the-summer-the-st-germain-hugo-spritz,403,30 Jan 2026 (00:34 UTC)
https://newsroom.dna.online/blog-posts/view/4765/st-germain-liqueur-announces-new-collaboration-with-actress-sophie-turner-to-celebrate-the-cocktail-of-the-summer-the-st-germain-hugo-spritz,https://newsroom.dna.online/blog-posts/download-all/4765/blog-posts/view/4765/st-germain-liqueur-announces-new-collaboration-with-actress-sophie-turner-to-celebrate-the-cocktail-of-the-summer-the-st-germain-hugo-spritz,502,30 Jan 2026 (00:34 UTC)
https://newsroom.dna.online/blog-posts/view/4765/st-germain-liqueur-announces-new-collaboration-with-actress-sophie-turner-to-celebrate-the-cocktail-of-the-summer-the-st-germain-hugo-spritz,https://newsroom.dna.online/company-files/download/35635/blog-posts/view/4765/st-germain-liqueur-announces-new-collaboration-with-actress-sophie-turner-to-celebrate-the-cocktail-of-the-summer-the-st-germain-hugo-spritz,403,30 Jan 2026 (00:34 UTC)
https://newsroom.dna.online/blog-posts/view/4765/st-germain-liqueur-announces-new-collaboration-with-actress-sophie-turner-to-celebrate-the-cocktail-of-the-summer-the-st-germain-hugo-spritz,https://newsroom.dna.online/company-files/download/35633/blog-posts/view/4765/st-germain-liqueur-announces-new-collaboration-with-actress-sophie-turner-to-celebrate-the-cocktail-of-the-summer-the-st-germain-hugo-spritz,403,30 Jan 2026 (00:34 UTC)
https://newsroom.dna.online/blog-posts/view/4765/st-germain-liqueur-announces-new-collaboration-with-actress-sophie-turner-to-celebrate-the-cocktail-of-the-summer-the-st-germain-hugo-spritz,https://newsroom.dna.online/company-files/download/35650/blog-posts/view/4765/st-germain-liqueur-announces-new-collaboration-with-actress-sophie-turner-to-celebrate-the-cocktail-of-the-summer-the-st-germain-hugo-spritz,403,30 Jan 2026 (00:34 UTC)
https://newsroom.dna.online/blog-posts/view/4765/st-germain-liqueur-announces-new-collaboration-with-actress-sophie-turner-to-celebrate-the-cocktail-of-the-summer-the-st-germain-hugo-spritz,https://newsroom.dna.online/company-files/download/35637/blog-posts/view/4765/st-germain-liqueur-announces-new-collaboration-with-actress-sophie-turner-to-celebrate-the-cocktail-of-the-summer-the-st-germain-hugo-spritz,403,30 Jan 2026 (00:34 UTC)
https://newsroom.dna.online/blog-posts/view/4765/st-germain-liqueur-announces-new-collaboration-with-actress-sophie-turner-to-celebrate-the-cocktail-of-the-summer-the-st-germain-hugo-spritz,https://newsroom.dna.online/company-files/download/35656/blog-posts/view/4765/st-germain-liqueur-announces-new-collaboration-with-actress-sophie-turner-to-celebrate-the-cocktail-of-the-summer-the-st-germain-hugo-spritz,403,30 Jan 2026 (00:34 UTC)
https://newsroom.dna.online/blog-posts/view/4765/st-germain-liqueur-announces-new-collaboration-with-actress-sophie-turner-to-celebrate-the-cocktail-of-the-summer-the-st-germain-hugo-spritz,https://newsroom.dna.online/company-files/download/35649/blog-posts/view/4765/st-germain-liqueur-announces-new-collaboration-with-actress-sophie-turner-to-celebrate-the-cocktail-of-the-summer-the-st-germain-hugo-spritz,403,30 Jan 2026 (00:34 UTC)
https://newsroom.dna.online/blog-posts/view/4765/st-germain-liqueur-announces-new-collaboration-with-actress-sophie-turner-to-celebrate-the-cocktail-of-the-summer-the-st-germain-hugo-spritz,https://newsroom.dna.online/company-files/download/35641/blog-posts/view/4765/st-germain-liqueur-announces-new-collaboration-with-actress-sophie-turner-to-celebrate-the-cocktail-of-the-summer-the-st-germain-hugo-spritz,403,30 Jan 2026 (00:34 UTC)
https://newsroom.dna.online/blog-posts/view/4765/st-germain-liqueur-announces-new-collaboration-with-actress-sophie-turner-to-celebrate-the-cocktail-of-the-summer-the-st-germain-hugo-spritz,https://newsroom.dna.online/company-files/download/35628/blog-posts/view/4765/st-germain-liqueur-announces-new-collaboration-with-actress-sophie-turner-to-celebrate-the-cocktail-of-the-summer-the-st-germain-hugo-spritz,403,30 Jan 2026 (00:34 UTC)
https://newsroom.dna.online/blog-posts/view/4765/st-germain-liqueur-announces-new-collaboration-with-actress-sophie-turner-to-celebrate-the-cocktail-of-the-summer-the-st-germain-hugo-spritz,https://newsroom.dna.online/company-files/download/35644/blog-posts/view/4765/st-germain-liqueur-announces-new-collaboration-with-actress-sophie-turner-to-celebrate-the-cocktail-of-the-summer-the-st-germain-hugo-spritz,403,30 Jan 2026 (00:34 UTC)
https://newsroom.dna.online/blog-posts/view/4765/st-germain-liqueur-announces-new-collaboration-with-actress-sophie-turner-to-celebrate-the-cocktail-of-the-summer-the-st-germain-hugo-spritz,https://newsroom.dna.online/company-files/download/35643/blog-posts/view/4765/st-germain-liqueur-announces-new-collaboration-with-actress-sophie-turner-to-celebrate-the-cocktail-of-the-summer-the-st-germain-hugo-spritz,403,30 Jan 2026 (00:34 UTC)
https://newsroom.dna.online/blog-posts/view/4765/{{downloadLink}},https://newsroom.dna.online/blogs/updates/2,404,30 Jan 2026 (00:34 UTC)
https://newsroom.dna.online/blog-posts/view/4765/{{fileLink}},https://newsroom.dna.online/blogs/updates/2,404,30 Jan 2026 (00:34 UTC)
https://newsroom.dna.online/blog-posts/view/4766/spritz-up-your-soirees-stgermain-and-issy-granger-unveil-exclusive-collaboration,https://newsroom.dna.online/blogs/updates/2,404,30 Jan 2026 (00:34 UTC)
https://newsroom.dna.online/blog-posts/view/4766/{{downloadLink}},https://newsroom.dna.online/blogs/updates/2,404,30 Jan 2026 (00:34 UTC)
https://newsroom.dna.online/blog-posts/view/4766/{{fileLink}},https://newsroom.dna.online/blogs/updates/2,404,30 Jan 2026 (00:34 UTC)
https://newsroom.dna.online/blog-posts/view/5166/easyjet-helps-grants-travel-wishes-of-more-than-100-children-through-make-a-wish-partnership,https://newsroom.dna.online/blogs/updates/2,404,30 Jan 2026 (00:34 UTC)
https://newsroom.dna.online/blog-posts/view/5166/{{downloadLink}},https://newsroom.dna.online/blogs/updates/2,404,30 Jan 2026 (00:34 UTC)
https://newsroom.dna.online/blog-posts/view/5166/{{fileLink}},https://newsroom.dna.online/blogs/updates/2,404,30 Jan 2026 (00:34 UTC)
https://newsroom.dna.online/blog-posts/view/5170/jet-set-amp-reconnect-easyjet-launches-airplane-mode-to-help-families-reconnect-this-summer,https://newsroom.dna.online/blogs/updates/2,404,30 Jan 2026 (00:34 UTC)
https://newsroom.dna.online/blog-posts/view/5170/{{downloadLink}},https://newsroom.dna.online/blogs/updates/2,404,30 Jan 2026 (00:34 UTC)
https://newsroom.dna.online/blog-posts/view/5170/{{fileLink}},https://newsroom.dna.online/blogs/updates/2,404,30 Jan 2026 (00:34 UTC)
https://newsroom.dna.online/blog-posts/view/5178/e1-electrifies-london-in-showrun-homecoming,https://newsroom.dna.online/company-files/download/39541/blog-posts/view/5178/e1-electrifies-london-in-showrun-homecoming,403,30 Jan 2026 (00:34 UTC)
https://newsroom.dna.online/blog-posts/view/5178/e1-electrifies-london-in-showrun-homecoming,https://newsroom.dna.online/company-files/download/39525/blog-posts/view/5178/e1-electrifies-london-in-showrun-homecoming,403,30 Jan 2026 (00:34 UTC)
https://newsroom.dna.online/blog-posts/view/5178/e1-electrifies-london-in-showrun-homecoming,https://newsroom.dna.online/company-files/download/39535/blog-posts/view/5178/e1-electrifies-london-in-showrun-homecoming,403,30 Jan 2026 (00:34 UTC)
https://newsroom.dna.online/blog-posts/view/5178/e1-electrifies-london-in-showrun-homecoming,https://newsroom.dna.online/company-files/download/39529/blog-posts/view/5178/e1-electrifies-london-in-showrun-homecoming,403,30 Jan 2026 (00:34 UTC)
https://newsroom.dna.online/blog-posts/view/5178/e1-electrifies-london-in-showrun-homecoming,https://newsroom.dna.online/company-files/download/39534/blog-posts/view/5178/e1-electrifies-london-in-showrun-homecoming,403,30 Jan 2026 (00:34 UTC)
https://newsroom.dna.online/blog-posts/view/5178/e1-electrifies-london-in-showrun-homecoming,https://newsroom.dna.online/company-files/download/39542/blog-posts/view/5178/e1-electrifies-london-in-showrun-homecoming,403,30 Jan 2026 (00:34 UTC)
https://newsroom.dna.online/blog-posts/view/5178/e1-electrifies-london-in-showrun-homecoming,https://newsroom.dna.online/company-files/download/39537/blog-posts/view/5178/e1-electrifies-london-in-showrun-homecoming,403,30 Jan 2026 (00:34 UTC)
https://newsroom.dna.online/blog-posts/view/5178/e1-electrifies-london-in-showrun-homecoming,https://newsroom.dna.online/company-files/download/39536/blog-posts/view/5178/e1-electrifies-london-in-showrun-homecoming,403,30 Jan 2026 (00:34 UTC)
https://newsroom.dna.online/blog-posts/view/5178/e1-electrifies-london-in-showrun-homecoming,https://newsroom.dna.online/company-files/download/39526/blog-posts/view/5178/e1-electrifies-london-in-showrun-homecoming,403,30 Jan 2026 (00:34 UTC)
https://newsroom.dna.online/blog-posts/view/5178/e1-electrifies-london-in-showrun-homecoming,https://newsroom.dna.online/company-files/download/39538/blog-posts/view/5178/e1-electrifies-london-in-showrun-homecoming,403,30 Jan 2026 (00:34 UTC)
https://newsroom.dna.online/blog-posts/view/5178/e1-electrifies-london-in-showrun-homecoming,https://newsroom.dna.online/company-files/download/39523/blog-posts/view/5178/e1-electrifies-london-in-showrun-homecoming,403,30 Jan 2026 (00:34 UTC)
https://newsroom.dna.online/blog-posts/view/5178/e1-electrifies-london-in-showrun-homecoming,https://newsroom.dna.online/company-files/download/39532/blog-posts/view/5178/e1-electrifies-london-in-showrun-homecoming,403,30 Jan 2026 (00:34 UTC)
https://newsroom.dna.online/blog-posts/view/5178/e1-electrifies-london-in-showrun-homecoming,https://newsroom.dna.online/company-files/download/39547/blog-posts/view/5178/e1-electrifies-london-in-showrun-homecoming,403,30 Jan 2026 (00:34 UTC)
https://newsroom.dna.online/blog-posts/view/5178/e1-electrifies-london-in-showrun-homecoming,https://newsroom.dna.online/company-files/download/39546/blog-posts/view/5178/e1-electrifies-london-in-showrun-homecoming,403,30 Jan 2026 (00:34 UTC)
https://newsroom.dna.online/blog-posts/view/5178/e1-electrifies-london-in-showrun-homecoming,https://newsroom.dna.online/company-files/download/39533/blog-posts/view/5178/e1-electrifies-london-in-showrun-homecoming,403,30 Jan 2026 (00:34 UTC)
https://newsroom.dna.online/blog-posts/view/5178/e1-electrifies-london-in-showrun-homecoming,https://newsroom.dna.online/company-files/download/39527/blog-posts/view/5178/e1-electrifies-london-in-showrun-homecoming,403,30 Jan 2026 (00:34 UTC)
https://newsroom.dna.online/blog-posts/view/5178/e1-electrifies-london-in-showrun-homecoming,https://newsroom.dna.online/company-files/download/39545/blog-posts/view/5178/e1-electrifies-london-in-showrun-homecoming,403,30 Jan 2026 (00:34 UTC)
https://newsroom.dna.online/blog-posts/view/5178/e1-electrifies-london-in-showrun-homecoming,https://newsroom.dna.online/company-files/download/39540/blog-posts/view/5178/e1-electrifies-london-in-showrun-homecoming,403,30 Jan 2026 (00:34 UTC)
https://newsroom.dna.online/blog-posts/view/5178/e1-electrifies-london-in-showrun-homecoming,https://newsroom.dna.online/company-files/download/39539/blog-posts/view/5178/e1-electrifies-london-in-showrun-homecoming,403,30 Jan 2026 (00:34 UTC)
https://newsroom.dna.online/blog-posts/view/5178/e1-electrifies-london-in-showrun-homecoming,https://newsroom.dna.online/company-files/download/39524/blog-posts/view/5178/e1-electrifies-london-in-showrun-homecoming,403,30 Jan 2026 (00:34 UTC)
https://newsroom.dna.online/blog-posts/view/5178/e1-electrifies-london-in-showrun-homecoming,https://newsroom.dna.online/company-files/download/39549/blog-posts/view/5178/e1-electrifies-london-in-showrun-homecoming,403,30 Jan 2026 (00:34 UTC)
https://newsroom.dna.online/blog-posts/view/5178/e1-electrifies-london-in-showrun-homecoming,https://newsroom.dna.online/company-files/download/39531/blog-posts/view/5178/e1-electrifies-london-in-showrun-homecoming,403,30 Jan 2026 (00:34 UTC)
https://newsroom.dna.online/blog-posts/view/5178/e1-electrifies-london-in-showrun-homecoming,https://newsroom.dna.online/company-files/download/39543/blog-posts/view/5178/e1-electrifies-london-in-showrun-homecoming,403,30 Jan 2026 (00:34 UTC)
https://newsroom.dna.online/blog-posts/view/5178/e1-electrifies-london-in-showrun-homecoming,https://newsroom.dna.online/blog-posts/download-all/5178/blog-posts/view/5178/e1-electrifies-london-in-showrun-homecoming,502,30 Jan 2026 (00:34 UTC)
https://newsroom.dna.online/blog-posts/view/5178/e1-electrifies-london-in-showrun-homecoming,https://newsroom.dna.online/company-files/download/39548/blog-posts/view/5178/e1-electrifies-london-in-showrun-homecoming,403,30 Jan 2026 (00:34 UTC)
https://newsroom.dna.online/blog-posts/view/5178/e1-electrifies-london-in-showrun-homecoming,https://newsroom.dna.online/company-files/download/39530/blog-posts/view/5178/e1-electrifies-london-in-showrun-homecoming,403,30 Jan 2026 (00:34 UTC)
https://newsroom.dna.online/blog-posts/view/5178/e1-electrifies-london-in-showrun-homecoming,https://newsroom.dna.online/company-files/download/39528/blog-posts/view/5178/e1-electrifies-london-in-showrun-homecoming,403,30 Jan 2026 (00:34 UTC)
https://newsroom.dna.online/blog-posts/view/5178/e1-electrifies-london-in-showrun-homecoming,https://newsroom.dna.online/company-files/download/39544/blog-posts/view/5178/e1-electrifies-london-in-showrun-homecoming,403,30 Jan 2026 (00:34 UTC)
https://newsroom.dna.online/blog-posts/view/5178/{{downloadLink}},https://newsroom.dna.online/blogs/updates/2,404,30 Jan 2026 (00:34 UTC)
https://newsroom.dna.online/blog-posts/view/5178/{{fileLink}},https://newsroom.dna.online/blogs/updates/2,404,30 Jan 2026 (00:34 UTC)
https://newsroom.dna.online/blog-posts/view/5181/patron-tequila-joins-forces-with-punjabi-music-powerhouse-karan-aujla-for-an-iconic-collaboration,https://newsroom.dna.online/blogs/updates/2,404,30 Jan 2026 (00:34 UTC)
https://newsroom.dna.online/blog-posts/view/5181/{{fileLink}},https://newsroom.dna.online/blogs/updates/2,404,30 Jan 2026 (00:34 UTC)
https://newsroom.dna.online/blog-posts/view/5182/patron-tequila-launches-censored-truth-campaign-pulling-back-the-curtain-on-whats-really-in-your-tequila,https://newsroom.dna.online/blog-posts/download-all/5182/blog-posts/view/5182/patron-tequila-launches-censored-truth-campaign-pulling-back-the-curtain-on-whats-really-in-your-tequila,502,30 Jan 2026 (00:34 UTC)
https://newsroom.dna.online/blog-posts/view/5182/patron-tequila-launches-censored-truth-campaign-pulling-back-the-curtain-on-whats-really-in-your-tequila,https://newsroom.dna.online/company-files/download/39557/blog-posts/view/5182/patron-tequila-launches-censored-truth-campaign-pulling-back-the-curtain-on-whats-really-in-your-tequila,403,30 Jan 2026 (00:34 UTC)
https://newsroom.dna.online/blog-posts/view/5182/patron-tequila-launches-censored-truth-campaign-pulling-back-the-curtain-on-whats-really-in-your-tequila,https://newsroom.dna.online/company-files/download/39556/blog-posts/view/5182/patron-tequila-launches-censored-truth-campaign-pulling-back-the-curtain-on-whats-really-in-your-tequila,403,30 Jan 2026 (00:34 UTC)
https://newsroom.dna.online/blog-posts/view/5182/{{fileLink}},https://newsroom.dna.online/blogs/updates/2,404,30 Jan 2026 (00:34 UTC)
https://newsroom.dna.online/blog-posts/view/5183/angels-envy-bourbon-launched-daycap-summer-campaign-with-limited-edition-pickleball-merch-and-louisville-street-festival,https://newsroom.dna.online/blogs/updates/2,404,30 Jan 2026 (00:34 UTC)
https://newsroom.dna.online/blog-posts/view/5183/{{downloadLink}},https://newsroom.dna.online/blogs/updates/2,404,30 Jan 2026 (00:34 UTC)
https://newsroom.dna.online/blog-posts/view/5183/{{fileLink}},https://newsroom.dna.online/blogs/updates/2,404,30 Jan 2026 (00:34 UTC)
https://newsroom.dna.online/blog-posts/view/5184/bacardi-rum-brought-the-spirit-of-puerto-rico-to-new-york-city-with-la-placita-de-bacardi,https://newsroom.dna.online/blogs/updates/2,404,30 Jan 2026 (00:34 UTC)
https://newsroom.dna.online/blog-posts/view/5184/{{downloadLink}},https://newsroom.dna.online/blogs/updates/2,404,30 Jan 2026 (00:34 UTC)
https://newsroom.dna.online/blog-posts/view/5184/{{fileLink}},https://newsroom.dna.online/blogs/updates/2,404,30 Jan 2026 (00:34 UTC)
https://newsroom.dna.online/blog-posts/view/5185/dewars-blended-scotch-whisky-and-baccarat-raise-a-glass-to-broadways-finest-with-collaborative-speakeasy-at-the-78th-annual-tony-awards,https://newsroom.dna.online/blogs/updates/2,404,30 Jan 2026 (00:34 UTC)
https://newsroom.dna.online/blog-posts/view/5185/{{downloadLink}},https://newsroom.dna.online/blogs/updates/2,404,30 Jan 2026 (00:34 UTC)
https://newsroom.dna.online/blog-posts/view/5185/{{fileLink}},https://newsroom.dna.online/blogs/updates/2,404,30 Jan 2026 (00:34 UTC)
https://newsroom.dna.online/blog-posts/view/5186/dewars-scotch-whisky-returns-to-the-us-open-debuting-the-newest-iteration-of-the-champions-edition-19-year-old-whisky,https://newsroom.dna.online/company-files/download/39574/blog-posts/view/5186/dewars-scotch-whisky-returns-to-the-us-open-debuting-the-newest-iteration-of-the-champions-edition-19-year-old-whisky,403,30 Jan 2026 (00:34 UTC)
https://newsroom.dna.online/blog-posts/view/5186/dewars-scotch-whisky-returns-to-the-us-open-debuting-the-newest-iteration-of-the-champions-edition-19-year-old-whisky,https://newsroom.dna.online/company-files/download/39573/blog-posts/view/5186/dewars-scotch-whisky-returns-to-the-us-open-debuting-the-newest-iteration-of-the-champions-edition-19-year-old-whisky,403,30 Jan 2026 (00:34 UTC)
https://newsroom.dna.online/blog-posts/view/5186/dewars-scotch-whisky-returns-to-the-us-open-debuting-the-newest-iteration-of-the-champions-edition-19-year-old-whisky,https://newsroom.dna.online/company-files/download/39572/blog-posts/view/5186/dewars-scotch-whisky-returns-to-the-us-open-debuting-the-newest-iteration-of-the-champions-edition-19-year-old-whisky,403,30 Jan 2026 (00:34 UTC)
https://newsroom.dna.online/blog-posts/view/5186/dewars-scotch-whisky-returns-to-the-us-open-debuting-the-newest-iteration-of-the-champions-edition-19-year-old-whisky,https://newsroom.dna.online/blog-posts/download-all/5186/blog-posts/view/5186/dewars-scotch-whisky-returns-to-the-us-open-debuting-the-newest-iteration-of-the-champions-edition-19-year-old-whisky,502,30 Jan 2026 (00:34 UTC)
https://newsroom.dna.online/blog-posts/view/5186/{{downloadLink}},https://newsroom.dna.online/blogs/updates/2,404,30 Jan 2026 (00:34 UTC)
https://newsroom.dna.online/blog-posts/view/5186/{{fileLink}},https://newsroom.dna.online/blogs/updates/2,404,30 Jan 2026 (00:34 UTC)
https://newsroom.dna.online/blog-posts/view/5187/sophie-turner-returns-to-the-south-of-france-to-reignite-her-love-affair-with-the-st-germain-hugo-spritz,https://newsroom.dna.online/company-files/download/39596/blog-posts/view/5187/sophie-turner-returns-to-the-south-of-france-to-reignite-her-love-affair-with-the-st-germain-hugo-spritz,403,30 Jan 2026 (00:34 UTC)
https://newsroom.dna.online/blog-posts/view/5187/sophie-turner-returns-to-the-south-of-france-to-reignite-her-love-affair-with-the-st-germain-hugo-spritz,https://newsroom.dna.online/company-files/download/39580/blog-posts/view/5187/sophie-turner-returns-to-the-south-of-france-to-reignite-her-love-affair-with-the-st-germain-hugo-spritz,403,30 Jan 2026 (00:34 UTC)
https://newsroom.dna.online/blog-posts/view/5187/sophie-turner-returns-to-the-south-of-france-to-reignite-her-love-affair-with-the-st-germain-hugo-spritz,https://newsroom.dna.online/company-files/download/39584/blog-posts/view/5187/sophie-turner-returns-to-the-south-of-france-to-reignite-her-love-affair-with-the-st-germain-hugo-spritz,403,30 Jan 2026 (00:34 UTC)
https://newsroom.dna.online/blog-posts/view/5187/sophie-turner-returns-to-the-south-of-france-to-reignite-her-love-affair-with-the-st-germain-hugo-spritz,https://newsroom.dna.online/company-files/download/39582/blog-posts/view/5187/sophie-turner-returns-to-the-south-of-france-to-reignite-her-love-affair-with-the-st-germain-hugo-spritz,403,30 Jan 2026 (00:34 UTC)
https://newsroom.dna.online/blog-posts/view/5187/sophie-turner-returns-to-the-south-of-france-to-reignite-her-love-affair-with-the-st-germain-hugo-spritz,https://newsroom.dna.online/company-files/download/39587/blog-posts/view/5187/sophie-turner-returns-to-the-south-of-france-to-reignite-her-love-affair-with-the-st-germain-hugo-spritz,403,30 Jan 2026 (00:34 UTC)
https://newsroom.dna.online/blog-posts/view/5187/sophie-turner-returns-to-the-south-of-france-to-reignite-her-love-affair-with-the-st-germain-hugo-spritz,https://newsroom.dna.online/company-files/download/39583/blog-posts/view/5187/sophie-turner-returns-to-the-south-of-france-to-reignite-her-love-affair-with-the-st-germain-hugo-spritz,403,30 Jan 2026 (00:34 UTC)
https://newsroom.dna.online/blog-posts/view/5187/sophie-turner-returns-to-the-south-of-france-to-reignite-her-love-affair-with-the-st-germain-hugo-spritz,https://newsroom.dna.online/company-files/download/39588/blog-posts/view/5187/sophie-turner-returns-to-the-south-of-france-to-reignite-her-love-affair-with-the-st-germain-hugo-spritz,403,30 Jan 2026 (00:34 UTC)
https://newsroom.dna.online/blog-posts/view/5187/sophie-turner-returns-to-the-south-of-france-to-reignite-her-love-affair-with-the-st-germain-hugo-spritz,https://newsroom.dna.online/blog-posts/download-all/5187/blog-posts/view/5187/sophie-turner-returns-to-the-south-of-france-to-reignite-her-love-affair-with-the-st-germain-hugo-spritz,502,30 Jan 2026 (00:34 UTC)
https://newsroom.dna.online/blog-posts/view/5187/sophie-turner-returns-to-the-south-of-france-to-reignite-her-love-affair-with-the-st-germain-hugo-spritz,https://newsroom.dna.online/company-files/download/39594/blog-posts/view/5187/sophie-turner-returns-to-the-south-of-france-to-reignite-her-love-affair-with-the-st-germain-hugo-spritz,403,30 Jan 2026 (00:34 UTC)
https://newsroom.dna.online/blog-posts/view/5187/sophie-turner-returns-to-the-south-of-france-to-reignite-her-love-affair-with-the-st-germain-hugo-spritz,https://newsroom.dna.online/company-files/download/39586/blog-posts/view/5187/sophie-turner-returns-to-the-south-of-france-to-reignite-her-love-affair-with-the-st-germain-hugo-spritz,403,30 Jan 2026 (00:34 UTC)
https://newsroom.dna.online/blog-posts/view/5187/sophie-turner-returns-to-the-south-of-france-to-reignite-her-love-affair-with-the-st-germain-hugo-spritz,https://newsroom.dna.online/company-files/download/39592/blog-posts/view/5187/sophie-turner-returns-to-the-south-of-france-to-reignite-her-love-affair-with-the-st-germain-hugo-spritz,403,30 Jan 2026 (00:34 UTC)
https://newsroom.dna.online/blog-posts/view/5187/sophie-turner-returns-to-the-south-of-france-to-reignite-her-love-affair-with-the-st-germain-hugo-spritz,https://newsroom.dna.online/company-files/download/39579/blog-posts/view/5187/sophie-turner-returns-to-the-south-of-france-to-reignite-her-love-affair-with-the-st-germain-hugo-spritz,403,30 Jan 2026 (00:34 UTC)
https://newsroom.dna.online/blog-posts/view/5187/sophie-turner-returns-to-the-south-of-france-to-reignite-her-love-affair-with-the-st-germain-hugo-spritz,https://newsroom.dna.online/company-files/download/39585/blog-posts/view/5187/sophie-turner-returns-to-the-south-of-france-to-reignite-her-love-affair-with-the-st-germain-hugo-spritz,403,30 Jan 2026 (00:34 UTC)
https://newsroom.dna.online/blog-posts/view/5187/sophie-turner-returns-to-the-south-of-france-to-reignite-her-love-affair-with-the-st-germain-hugo-spritz,https://newsroom.dna.online/company-files/download/39578/blog-posts/view/5187/sophie-turner-returns-to-the-south-of-france-to-reignite-her-love-affair-with-the-st-germain-hugo-spritz,403,30 Jan 2026 (00:34 UTC)
https://newsroom.dna.online/blog-posts/view/5187/sophie-turner-returns-to-the-south-of-france-to-reignite-her-love-affair-with-the-st-germain-hugo-spritz,https://newsroom.dna.online/company-files/download/39575/blog-posts/view/5187/sophie-turner-returns-to-the-south-of-france-to-reignite-her-love-affair-with-the-st-germain-hugo-spritz,403,30 Jan 2026 (00:34 UTC)
https://newsroom.dna.online/blog-posts/view/5187/sophie-turner-returns-to-the-south-of-france-to-reignite-her-love-affair-with-the-st-germain-hugo-spritz,https://newsroom.dna.online/company-files/download/39593/blog-posts/view/5187/sophie-turner-returns-to-the-south-of-france-to-reignite-her-love-affair-with-the-st-germain-hugo-spritz,403,30 Jan 2026 (00:34 UTC)
https://newsroom.dna.online/blog-posts/view/5187/sophie-turner-returns-to-the-south-of-france-to-reignite-her-love-affair-with-the-st-germain-hugo-spritz,https://newsroom.dna.online/company-files/download/39577/blog-posts/view/5187/sophie-turner-returns-to-the-south-of-france-to-reignite-her-love-affair-with-the-st-germain-hugo-spritz,403,30 Jan 2026 (00:34 UTC)
https://newsroom.dna.online/blog-posts/view/5187/sophie-turner-returns-to-the-south-of-france-to-reignite-her-love-affair-with-the-st-germain-hugo-spritz,https://newsroom.dna.online/company-files/download/39600/blog-posts/view/5187/sophie-turner-returns-to-the-south-of-france-to-reignite-her-love-affair-with-the-st-germain-hugo-spritz,403,30 Jan 2026 (00:34 UTC)
https://newsroom.dna.online/blog-posts/view/5187/sophie-turner-returns-to-the-south-of-france-to-reignite-her-love-affair-with-the-st-germain-hugo-spritz,https://newsroom.dna.online/company-files/download/39581/blog-posts/view/5187/sophie-turner-returns-to-the-south-of-france-to-reignite-her-love-affair-with-the-st-germain-hugo-spritz,403,30 Jan 2026 (00:34 UTC)
https://newsroom.dna.online/blog-posts/view/5187/sophie-turner-returns-to-the-south-of-france-to-reignite-her-love-affair-with-the-st-germain-hugo-spritz,https://newsroom.dna.online/company-files/download/39590/blog-posts/view/5187/sophie-turner-returns-to-the-south-of-france-to-reignite-her-love-affair-with-the-st-germain-hugo-spritz,403,30 Jan 2026 (00:34 UTC)
https://newsroom.dna.online/blog-posts/view/5187/sophie-turner-returns-to-the-south-of-france-to-reignite-her-love-affair-with-the-st-germain-hugo-spritz,https://newsroom.dna.online/company-files/download/39591/blog-posts/view/5187/sophie-turner-returns-to-the-south-of-france-to-reignite-her-love-affair-with-the-st-germain-hugo-spritz,403,30 Jan 2026 (00:34 UTC)
https://newsroom.dna.online/blog-posts/view/5187/sophie-turner-returns-to-the-south-of-france-to-reignite-her-love-affair-with-the-st-germain-hugo-spritz,https://newsroom.dna.online/company-files/download/39595/blog-posts/view/5187/sophie-turner-returns-to-the-south-of-france-to-reignite-her-love-affair-with-the-st-germain-hugo-spritz,403,30 Jan 2026 (00:34 UTC)
https://newsroom.dna.online/blog-posts/view/5187/sophie-turner-returns-to-the-south-of-france-to-reignite-her-love-affair-with-the-st-germain-hugo-spritz,https://newsroom.dna.online/company-files/download/39576/blog-posts/view/5187/sophie-turner-returns-to-the-south-of-france-to-reignite-her-love-affair-with-the-st-germain-hugo-spritz,403,30 Jan 2026 (00:34 UTC)
https://newsroom.dna.online/blog-posts/view/5187/sophie-turner-returns-to-the-south-of-france-to-reignite-her-love-affair-with-the-st-germain-hugo-spritz,https://newsroom.dna.online/company-files/download/39598/blog-posts/view/5187/sophie-turner-returns-to-the-south-of-france-to-reignite-her-love-affair-with-the-st-germain-hugo-spritz,403,30 Jan 2026 (00:34 UTC)
https://newsroom.dna.online/blog-posts/view/5187/sophie-turner-returns-to-the-south-of-france-to-reignite-her-love-affair-with-the-st-germain-hugo-spritz,https://newsroom.dna.online/company-files/download/39599/blog-posts/view/5187/sophie-turner-returns-to-the-south-of-france-to-reignite-her-love-affair-with-the-st-germain-hugo-spritz,403,30 Jan 2026 (00:34 UTC)
https://newsroom.dna.online/blog-posts/view/5187/sophie-turner-returns-to-the-south-of-france-to-reignite-her-love-affair-with-the-st-germain-hugo-spritz,https://newsroom.dna.online/company-files/download/39597/blog-posts/view/5187/sophie-turner-returns-to-the-south-of-france-to-reignite-her-love-affair-with-the-st-germain-hugo-spritz,403,30 Jan 2026 (00:34 UTC)
https://newsroom.dna.online/blog-posts/view/5187/sophie-turner-returns-to-the-south-of-france-to-reignite-her-love-affair-with-the-st-germain-hugo-spritz,https://newsroom.dna.online/company-files/download/39589/blog-posts/view/5187/sophie-turner-returns-to-the-south-of-france-to-reignite-her-love-affair-with-the-st-germain-hugo-spritz,403,30 Jan 2026 (00:34 UTC)
https://newsroom.dna.online/blog-posts/view/5187/{{downloadLink}},https://newsroom.dna.online/blogs/updates/2,404,30 Jan 2026 (00:34 UTC)
https://newsroom.dna.online/blog-posts/view/5187/{{fileLink}},https://newsroom.dna.online/blogs/updates/2,404,30 Jan 2026 (00:34 UTC)
https://newsroom.dna.online/companies/logout,https://newsroom.dna.online/microsoft/login,500,30 Jan 2026 (00:34 UTC)
https://newsroom.dna.online/companies/view-home,https://newsroom.dna.online/companies/cartier.dna.online,404,30 Jan 2026 (00:34 UTC)
https://newsroom.dna.online/companies/view-home,https://newsroom.dna.online/companies/theeconomist.dna.online,404,30 Jan 2026 (00:34 UTC)
https://newsroom.dna.online/companies/view-home,https://newsroom.dna.online/companies/ralphlauren.dna.online,404,30 Jan 2026 (00:34 UTC)
https://newsroom.dna.online/companies/view-home,https://newsroom.dna.online/companies/greeneking.dna.online,404,30 Jan 2026 (00:34 UTC)
https://newsroom.dna.online/companies/view-home,https://newsroom.dna.online/companies/visionexpress.dna.online,404,30 Jan 2026 (00:34 UTC)
https://newsroom.dna.online/companies/view-home,https://newsroom.dna.online/companies/{{fileLink}},404,30 Jan 2026 (00:34 UTC)
https://newsroom.dna.online/companies/view-home,https://newsroom.dna.online/companies/marriot.dna.online,404,30 Jan 2026 (00:34 UTC)
https://newsroom.dna.online/companies/view-home,https://newsroom.dna.online/companies/ey.dna.online,404,30 Jan 2026 (00:34 UTC)
https://newsroom.dna.online/companies/view-home,https://newsroom.dna.online/companies/yellowwellies.dna.online,404,30 Jan 2026 (00:34 UTC)
https://newsroom.dna.online/companies/view-home,https://newsroom.dna.online/companies/louisvuitton.dna.online,404,30 Jan 2026 (00:34 UTC)
https://newsroom.dna.online/companies/view-home,https://newsroom.dna.online/companies/thedianaaward.dna.online,404,30 Jan 2026 (00:34 UTC)
https://newsroom.dna.online/companies/view-home,https://newsroom.dna.online/companies/virgin.dna.online,404,30 Jan 2026 (00:34 UTC)
https://newsroom.dna.online/companies/view-home,https://newsroom.dna.online/companies/costacoffee.dna.online,404,30 Jan 2026 (00:34 UTC)
https://newsroom.dna.online/companies/view-home,https://newsroom.dna.online/companies/montblanc.dna.online,404,30 Jan 2026 (00:34 UTC)
https://newsroom.dna.online/companies/view-home,https://newsroom.dna.online/companies/newsroom.dna.online,404,30 Jan 2026 (00:34 UTC)
https://newsroom.dna.online/companies/view-home,https://newsroom.dna.online/companies/eurostar.dna.online,404,30 Jan 2026 (00:34 UTC)
https://newsroom.dna.online/companies/view-home,https://newsroom.dna.online/companies/iwc.dna.online,404,30 Jan 2026 (00:34 UTC)
https://newsroom.dna.online/companies/view-login,https://newsroom.dna.online/microsoft/login,500,29 Jan 2026 (23:48 UTC)
